Workbook

Sheet נתונים והנחות
B1: מקרא צבעים
B2: ערך להזנה / ממתין לנתונים
B3: נתון לעדכון / בקרה
B4: נתון ממקור אמיתי
B5: נתון מוערך/נגזר (עם מקור)
B6: תרחיש A — טכנולוגיה קיימת
B7: תרחיש B — יעיל, ללא תמריץ
B8: תרחיש C — יעיל, עם תמריץ
B9: 1. פרמטרים פיננסיים
B10: שיעור מס חברות | C10: % | D10: רשות המסים | F10: 0.23
B11: שיעור היוון (יזמי / פרטי) | C11: % | D11: סוכם עם דניאל (2026-07-13) | E11: 6% — הוחלט עם דניאל | F11: 0.06
B12: מחיר חשמל ממוצע לתעשייה | C12: אג'/קוט"ש | D12: חברת החשמל — ממוצע SMP 2024 | E12: נתון כללי, ייתכן שיעודכן לממוצע משוקלל לפי שעות תעו"ז | F12: 14
B13: 1ב. מחירי דלקים ומקדמי המרה (עבור בסיס משאבות חום)
B14: מחיר סולר בתעשייה (בתוספת מרווח שיווק) | C14: ₪/ליטר | D14: משרד האנרגיה — מחירים תיאורטיים 2024 | E14: מרווח שיווק - 0.5 ₪ (מוסיף עמרי) | F14: 2.59368
B15: מחיר מזוט בתעשייה (בתוספת מרווח שיווק) | C15: ₪/טון | D15: משרד האנרגיה — מחירים תיאורטיים 2024 | E15: מרווח שיווק - 0.5 ₪ (מוסיף עמרי) | F15: 2344.72
B16: יחס קלורי — סולר | C16: טון דלק/MWh | D16: אקסל של עמרי (MRV) | F16: 0.085
B17: יחס קלורי — מזוט | C17: טון דלק/MWh | D17: אקסל של עמרי (MRV) | F17: 0.088
B18: צפיפות סולר | C18: ק"ג/ליטר | D18: אקסל של עמרי (MRV) | E18: להמרת טון סולר לליטר אם נבחר סולר כדלק בסיס | F18: 0.82
B19: 2. פרמטר תמריץ — מכפיל פחת (פחת מואץ)
B20: מכפיל שיעור הפחת ← פרמטר המדיניות המרכזי | C20: מכפיל | D20: פרמטר ניתן לשינוי | E20: 1.0 = ללא תמריץ | 2.0 = כפול, 5 שנים | 5.0 = 2 שנים | F20: 2
B21: 3. שיעורי פחת סטנדרטיים — תקנות מס הכנסה
B22: משאבות חום | C22: % לשנה | D22: תקנות פחת — ציוד מכני | F22: 0.1
B23: צ'ילרים | C23: % לשנה | D23: תקנות פחת — ציוד מכני | F23: 0.1
B24: מדחסי VSD | C24: % לשנה | D24: תקנות פחת — ציוד מכני | F24: 0.1
B25: 4. הנחות לפי טכנולוגיה — שתי נקודות קיבולת לכל טכנולוגיה
B26: פרמטר | C26: יחידות | D26: מקור | E26: הערות | F26: משאבות חום — 40 kW | G26: משאבות חום — 70 kW | H26: צ'ילרים — 100 RT | I26: צ'ילרים — 500 RT | J26: מדחסי VSD — 45 kW | K26: מדחסי VSD — 150 kW
F27: vs. תנור מזוט/סולר — 40 kW | G27: vs. תנור מזוט/סולר — 70 kW | H27: vs. מערכת קירור קונבנציונלית — 100 RT | I27: vs. מערכת קירור קונבנציונלית — 500 RT | J27: vs. מדחס מהירות קבועה — 45 kW | K27: vs. מדחס מהירות קבועה — 150 kW
B28: קיבולת מותקנת | C28: kW / RT | D28: baseline-technology-data.md | F28: 40 | G28: 70 | H28: 100 | I28: 500 | J28: 45 | K28: 150
B29: שעות פעילות שנתיות | C29: שעות/שנה | D29: ראו הערות לפי טכנולוגיה | E29: משאבות חום: ממתין לייעוץ מהנדס | צ'ילרים: 3,000 (מספר עבודה) | VSD: 6,400 (אמצע 6,000-6,800) | F29: PENDING | G29: PENDING | H29: 3000 | I29: 3000 | J29: 6400 | K29: 6400
B30: COP — משאבת חום (יעיל) | C30: יחס | D30: Sprsun — עמוד מפרט מוצר | E30: משאבות חום בלבד | F30: 4.13 | G30: 3.235
B31: יעילות בעירה — תנור בסיס | C31: % | D31: ASME PTC 4 (אמצע 80-88%) | E31: משאבות חום בלבד | F31: 0.835 | G31: 0.835
B32: סוג דלק בסיס | C32: טקסט | D32: הנחת עבודה — ניתן לשנות | E32: משאבות חום בלבד — "מזוט"/"סולר" | F32: סולר | G32: סולר
B33: יעילות אנרגטית — בסיסי | C33: kW/ton | kW/100cfm | D33: צ'ילר: ASHRAE 90.1 | VSD: CAGI | E33: צ'ילרים/VSD בלבד | H33: 0.95 | I33: 0.6 | J33: 21.5 | K33: 21.5
B34: יעילות אנרגטית — יעיל | C34: kW/ton | kW/100cfm | D34: צ'ילר: DOE FEMP | VSD: CAGI | E34: צ'ילרים/VSD בלבד | H34: 0.8 | I34: 0.48 | J34: 16.5 | K34: 16.5
B35: חיסכון אנרגטי (מחושב) | C35: % מצריכה | D35: חישוב | E35: צ'ילרים/VSD — נגזר משורות 33-34 | F35: - | G35: - | H35: =IF(AND(ISNUMBER(H33),ISNUMBER(H34)),(H33-H34)/H33,"PENDING") | I35: =IF(AND(ISNUMBER(I33),ISNUMBER(I34)),(I33-I34)/I33,"PENDING") | J35: =IF(AND(ISNUMBER(J33),ISNUMBER(J34)),(J33-J34)/J33,"PENDING") | K35: =IF(AND(ISNUMBER(K33),ISNUMBER(K34)),(K33-K34)/K33,"PENDING")
B36: צריכת אנרגיה/דלק שנתית — בסיסי | C36: טון דלק / קוט"ש | D36: חישוב — קיבולת × שעות × יעילות | E36: משאבות חום: טון דלק | אחר: קוט"ש | F36: =IF(AND(ISNUMBER(F28),ISNUMBER(F29),ISNUMBER(F31)),(F28*F29/1000/F31)*IF(F32="מזוט",'נתונים והנחות'!$F$17,'נתונים והנחות'!$F$16),"PENDING") | G36: =IF(AND(ISNUMBER(G28),ISNUMBER(G29),ISNUMBER(G31)),(G28*G29/1000/G31)*IF(G32="מזוט",'נתונים והנחות'!$F$17,'נתונים והנחות'!$F$16),"PENDING") | H36: =IF(AND(ISNUMBER(H28),ISNUMBER(H29),ISNUMBER(H33)),H28*H33*H29,"PENDING") | I36: =IF(AND(ISNUMBER(I28),ISNUMBER(I29),ISNUMBER(I33)),I28*I33*I29,"PENDING") | J36: =IF(AND(ISNUMBER(J28),ISNUMBER(J29)),J28*J29,"PENDING") | K36: =IF(AND(ISNUMBER(K28),ISNUMBER(K29)),K28*K29,"PENDING")
B37: צריכת חשמל שנתית — יעיל | C37: קוט"ש/שנה | D37: חישוב | E37: הצד היעיל תמיד חשמלי | F37: =IF(AND(ISNUMBER(F28),ISNUMBER(F29),ISNUMBER(F30)),F28*F29/F30,"PENDING") | G37: =IF(AND(ISNUMBER(G28),ISNUMBER(G29),ISNUMBER(G30)),G28*G29/G30,"PENDING") | H37: =IF(AND(ISNUMBER(H36),ISNUMBER(H35)),H36*(1-H35),"PENDING") | I37: =IF(AND(ISNUMBER(I36),ISNUMBER(I35)),I36*(1-I35),"PENDING") | J37: =IF(AND(ISNUMBER(J36),ISNUMBER(J35)),J36*(1-J35),"PENDING") | K37: =IF(AND(ISNUMBER(K36),ISNUMBER(K35)),K36*(1-K35),"PENDING")
B39: CapEx — ציוד קיים (בסיסי) | C39: ₪ | D39: ראו הערות לפי טכנולוגיה | E39: צ'ילר: יעיל ÷ 1.175 (פרמיית יעילות 10-25%) | VSD: יעיל ÷ 1.225 (פרמיית VSD 15-30%) | משאבות חום: אין מקור לתנור בסיס — ממתין | F39: PENDING | G39: PENDING | H39: 356200 | I39: 1781000 | J39: 55102 | K39: 183673
B40: CapEx — ציוד יעיל | C40: ₪ | D40: ראו הערות לפי טכנולוגיה | E40: משאבות חום: מענקים ₪1,050/kW | צ'ילר: מענקים חציון ₪4,186/טון | VSD: מענקים חציון ₪1,500/kW | F40: 42000 | G40: 73500 | H40: 418600 | I40: 2093000 | J40: 67500 | K40: 225000
B41: ΔCapEx = יעיל − בסיסי | C41: ₪ | D41: חישוב | F41: =IF(ISNUMBER(F40)*ISNUMBER(F39),F40-F39,"PENDING") | G41: =IF(ISNUMBER(G40)*ISNUMBER(G39),G40-G39,"PENDING") | H41: =IF(ISNUMBER(H40)*ISNUMBER(H39),H40-H39,"PENDING") | I41: =IF(ISNUMBER(I40)*ISNUMBER(I39),I40-I39,"PENDING") | J41: =IF(ISNUMBER(J40)*ISNUMBER(J39),J40-J39,"PENDING") | K41: =IF(ISNUMBER(K40)*ISNUMBER(K39),K40-K39,"PENDING")
B42: אורך חיים — ציוד בסיסי | C42: שנים | D42: ממצאי הנדסה / הנחת עבודה | F42: 15 | G42: 15 | H42: 15 | I42: 15 | J42: 12 | K42: 12
B43: אורך חיים — ציוד יעיל | C43: שנים | D43: ממצאי הנדסה / הנחת עבודה | F43: 10 | G43: 10 | H43: 17 | I43: 17 | J43: 12 | K43: 12
B44: גורם שחיקת ביצועים | C44: %/שנה | D44: הנחת עבודה (0.5-1% טיפוסי) | F44: 0.005 | G44: 0.005 | H44: 0.005 | I44: 0.005 | J44: 0.005 | K44: 0.005
B45: OPEX אחר — בסיסי (תחזוקה...) | C45: ₪/שנה | D45: נתוני רפי (טרם התקבל) | E45: ⚠ ממתין לרפי | F45: PENDING | G45: PENDING | H45: PENDING | I45: PENDING | J45: PENDING | K45: PENDING
B46: OPEX אחר — יעיל (תחזוקה...) | C46: ₪/שנה | D46: נתוני רפי (טרם התקבל) | E46: ⚠ ממתין לרפי | F46: PENDING | G46: PENDING | H46: PENDING | I46: PENDING | J46: PENDING | K46: PENDING
B47: OPEX אנרגיה/דלק שנה 1 — בסיסי | C47: ₪/שנה | D47: חישוב | F47: =IF(ISNUMBER(F36),IF(F32="מזוט",F36*'נתונים והנחות'!$F$15,F36*1000/'נתונים והנחות'!$F$18*'נתונים והנחות'!$F$14),"PENDING") | G47: =IF(ISNUMBER(G36),IF(G32="מזוט",G36*'נתונים והנחות'!$F$15,G36*1000/'נתונים והנחות'!$F$18*'נתונים והנחות'!$F$14),"PENDING") | H47: =IF(ISNUMBER(H36),H36*'נתונים והנחות'!$F$12/100,"PENDING") | I47: =IF(ISNUMBER(I36),I36*'נתונים והנחות'!$F$12/100,"PENDING") | J47: =IF(ISNUMBER(J36),J36*'נתונים והנחות'!$F$12/100,"PENDING") | K47: =IF(ISNUMBER(K36),K36*'נתונים והנחות'!$F$12/100,"PENDING")
B48: OPEX אנרגיה שנה 1 — יעיל | C48: ₪/שנה | D48: חישוב | F48: =IF(ISNUMBER(F37),F37*'נתונים והנחות'!$F$12/100,"PENDING") | G48: =IF(ISNUMBER(G37),G37*'נתונים והנחות'!$F$12/100,"PENDING") | H48: =IF(ISNUMBER(H37),H37*'נתונים והנחות'!$F$12/100,"PENDING") | I48: =IF(ISNUMBER(I37),I37*'נתונים והנחות'!$F$12/100,"PENDING") | J48: =IF(ISNUMBER(J37),J37*'נתונים והנחות'!$F$12/100,"PENDING") | K48: =IF(ISNUMBER(K37),K37*'נתונים והנחות'!$F$12/100,"PENDING")
B51: 5. מתודולוגיה — גזירות והבהרות
B52: • CapEx צ'ילר בסיסי — נגזר מהיעיל: נתוני המענקים כוללים רק את הציוד היעיל שמומן, ולכן אין מחיר לציוד בסיסי. הבסיסי נאמד כ- ₪4,186 ÷ 1.175 = ₪3,562/טון, לפי פרמיית יעילות של 10-25% (DOE FEMP + מקורות שוק, אמצע 17.5%). הערכה, לא ציטוט ישיר.
B53: • CapEx VSD בסיסי — נגזר בדומה: ₪1,500 ÷ 1.225 = ₪1,224/kW, לפי פרמיית VSD מול מהירות קבועה של 15-30% (אמצע 22.5%). ₪1,500/kW היעיל = חציון של 3 יחידות מהמענקים (הממוצע ~₪2,030 מוטה ע"י יחידה חריגה יקרה).
B54: • CapEx משאבת חום בסיסי (תנור מזוט/סולר) — נותר PENDING: בניגוד ל-VSD, תנור בעירה אינו "אותה טכנולוגיה ברמת יעילות אחרת", ולכן שיטת הפרמיה לא חלה. אין מקור נאות עדיין.
B55: • יעילות צ'ילר משתנה לפי קיבולת: 100 RT = 0.95/0.80 kW/ton, 500 RT = 0.60/0.48 kW/ton (ASHRAE 90.1 מינימום תקן מול DOE FEMP יעיל). יעילות VSD (specific power) אינה משתנה לפי קיבולת — היא השוואת טכנולוגיה (מהירות קבועה מול VSD).
B56: • מחירי דלק — משרד האנרגיה, מינהל הדלק והגז, "מחירים תיאורטיים של מוצרי דלק שאינם בפיקוח", 2024 (לפני מע"מ ובלו). מרווח שיווק של 0.5 ₪ מתווסף ידנית ע"י עמרי.
B57: • OPEX אחר (תחזוקה, חלפים) — ממתין לנתוני רפי לכל 3 הטכנולוגיות.

Sheet ניתוח
B1: מקרא צבעים
B2: ערך להזנה / ממתין לנתונים
B3: נתון לעדכון / בקרה
B4: נתון ממקור אמיתי
B5: נתון מוערך/נגזר (עם מקור)
B6: תרחיש A — טכנולוגיה קיימת
B7: תרחיש B — יעיל, ללא תמריץ
B8: תרחיש C — יעיל, עם תמריץ
B9: ניתוח כלכלי — פחת מואץ לפי טכנולוגיה | NPV בלבד
B11: 1. פרמטרים פיננסיים
B12: שיעור מס חברות | C12: % | D12: נתונים והנחות | F12: ='נתונים והנחות'!$F$10
B13: שיעור היוון | C13: % | D13: נתונים והנחות | F13: ='נתונים והנחות'!$F$11
B14: מחיר חשמל (₪/קוט"ש) | C14: ₪/קוט"ש | D14: נתונים והנחות | F14: ='נתונים והנחות'!$F$12/100
B16: 2. פרמטר תמריץ — מכפיל פחת
B17: מכפיל שיעור הפחת ← שנה ב'נתונים והנחות'!F20 | C17: מכפיל | D17: נתונים והנחות | F17: ='נתונים והנחות'!$F$20
B19: 3. ניתוחים לפי טכנולוגיה
B21: 3.1א משאבות חום — 40 kW
B22: * מול תנור מזוט/סולר — 40 kW | נתונים: גיליון 'נתונים והנחות' סעיף 4
B23: ב. לוחות פחת (ציוד בסיסי vs. יעיל)
B24: פרמטר | C24: יחידות | D24: מקור | E24: הערות | F24: שנה 0 (השקעה) | G24: שנה 1 | H24: שנה 2 | I24: שנה 3 | J24: שנה 4 | K24: שנה 5 | L24: שנה 6 | M24: שנה 7 | N24: שנה 8 | O24: שנה 9 | P24: שנה 10 | Q24: שנה 11 | R24: שנה 12 | S24: שנה 13 | T24: שנה 14 | U24: שנה 15 | V24: שנה 16 | W24: שנה 17 | X24: שנה 18 | Y24: שנה 19 | Z24: שנה 20
B25: פחת סטנדרטי — תנור מזוט/סולר — 40 kW | C25: ₪ | D25: חישוב | F25: 0 | G25: =IF(ISNUMBER('נתונים והנחות'!$F$39),'נתונים והנחות'!$F$39*0.1,0) | H25: =IF(ISNUMBER('נתונים והנחות'!$F$39),'נתונים והנחות'!$F$39*0.1,0) | I25: =IF(ISNUMBER('נתונים והנחות'!$F$39),'נתונים והנחות'!$F$39*0.1,0) | J25: =IF(ISNUMBER('נתונים והנחות'!$F$39),'נתונים והנחות'!$F$39*0.1,0) | K25: =IF(ISNUMBER('נתונים והנחות'!$F$39),'נתונים והנחות'!$F$39*0.1,0) | L25: =IF(ISNUMBER('נתונים והנחות'!$F$39),'נתונים והנחות'!$F$39*0.1,0) | M25: =IF(ISNUMBER('נתונים והנחות'!$F$39),'נתונים והנחות'!$F$39*0.1,0) | N25: =IF(ISNUMBER('נתונים והנחות'!$F$39),'נתונים והנחות'!$F$39*0.1,0) | ... P25: =IF(ISNUMBER('נתונים והנחות'!$F$39),'נתונים והנחות'!$F$39*0.1,0) | Q25: =0 | R25: =0 | S25: =0 | T25: =0 | U25: =0 | V25: =0 | W25: =0 | X25: =0 | ... Z25: =0
B26: מגן מס — תנור מזוט/סולר — 40 kW | C26: ₪ | D26: חישוב | F26: 0 | G26: =G25*'נתונים והנחות'!$F$10 | H26: =H25*'נתונים והנחות'!$F$10 | I26: =I25*'נתונים והנחות'!$F$10 | J26: =J25*'נתונים והנחות'!$F$10 | K26: =K25*'נתונים והנחות'!$F$10 | L26: =L25*'נתונים והנחות'!$F$10 | M26: =M25*'נתונים והנחות'!$F$10 | N26: =N25*'נתונים והנחות'!$F$10 | ... Z26: =Z25*'נתונים והנחות'!$F$10
B27: פחת סטנדרטי — משאבות חום — 40 kW | C27: ₪ | D27: חישוב | F27: 0 | G27: =IF(ISNUMBER('נתונים והנחות'!$F$40),'נתונים והנחות'!$F$40*0.1,0) | H27: =IF(ISNUMBER('נתונים והנחות'!$F$40),'נתונים והנחות'!$F$40*0.1,0) | I27: =IF(ISNUMBER('נתונים והנחות'!$F$40),'נתונים והנחות'!$F$40*0.1,0) | J27: =IF(ISNUMBER('נתונים והנחות'!$F$40),'נתונים והנחות'!$F$40*0.1,0) | K27: =IF(ISNUMBER('נתונים והנחות'!$F$40),'נתונים והנחות'!$F$40*0.1,0) | L27: =IF(ISNUMBER('נתונים והנחות'!$F$40),'נתונים והנחות'!$F$40*0.1,0) | M27: =IF(ISNUMBER('נתונים והנחות'!$F$40),'נתונים והנחות'!$F$40*0.1,0) | N27: =IF(ISNUMBER('נתונים והנחות'!$F$40),'נתונים והנחות'!$F$40*0.1,0) | ... P27: =IF(ISNUMBER('נתונים והנחות'!$F$40),'נתונים והנחות'!$F$40*0.1,0) | Q27: =0 | R27: =0 | S27: =0 | T27: =0 | U27: =0 | V27: =0 | W27: =0 | X27: =0 | ... Z27: =0
B28: מגן מס סטנדרטי — משאבות חום — 40 kW | C28: ₪ | D28: חישוב | F28: 0 | G28: =G27*'נתונים והנחות'!$F$10 | H28: =H27*'נתונים והנחות'!$F$10 | I28: =I27*'נתונים והנחות'!$F$10 | J28: =J27*'נתונים והנחות'!$F$10 | K28: =K27*'נתונים והנחות'!$F$10 | L28: =L27*'נתונים והנחות'!$F$10 | M28: =M27*'נתונים והנחות'!$F$10 | N28: =N27*'נתונים והנחות'!$F$10 | ... Z28: =Z27*'נתונים והנחות'!$F$10
B29: פחת מואץ — משאבות חום — 40 kW | C29: ₪ | D29: חישוב | F29: 0 | G29: =IF(ISNUMBER('נתונים והנחות'!$F$40),IF(1<=ROUND(1/(0.1*'נתונים והנחות'!$F$20),0),'נתונים והנחות'!$F$40*0.1*'נתונים והנחות'!$F$20,0),0) | H29: =IF(ISNUMBER('נתונים והנחות'!$F$40),IF(2<=ROUND(1/(0.1*'נתונים והנחות'!$F$20),0),'נתונים והנחות'!$F$40*0.1*'נתונים והנחות'!$F$20,0),0) | I29: =IF(ISNUMBER('נתונים והנחות'!$F$40),IF(3<=ROUND(1/(0.1*'נתונים והנחות'!$F$20),0),'נתונים והנחות'!$F$40*0.1*'נתונים והנחות'!$F$20,0),0) | J29: =IF(ISNUMBER('נתונים והנחות'!$F$40),IF(4<=ROUND(1/(0.1*'נתונים והנחות'!$F$20),0),'נתונים והנחות'!$F$40*0.1*'נתונים והנחות'!$F$20,0),0) | K29: =IF(ISNUMBER('נתונים והנחות'!$F$40),IF(5<=ROUND(1/(0.1*'נתונים והנחות'!$F$20),0),'נתונים והנחות'!$F$40*0.1*'נתונים והנחות'!$F$20,0),0) | L29: =IF(ISNUMBER('נתונים והנחות'!$F$40),IF(6<=ROUND(1/(0.1*'נתונים והנחות'!$F$20),0),'נתונים והנחות'!$F$40*0.1*'נתונים והנחות'!$F$20,0),0) | M29: =IF(ISNUMBER('נתונים והנחות'!$F$40),IF(7<=ROUND(1/(0.1*'נתונים והנחות'!$F$20),0),'נתונים והנחות'!$F$40*0.1*'נתונים והנחות'!$F$20,0),0) | N29: =IF(ISNUMBER('נתונים והנחות'!$F$40),IF(8<=ROUND(1/(0.1*'נתונים והנחות'!$F$20),0),'נתונים והנחות'!$F$40*0.1*'נתונים והנחות'!$F$20,0),0) | O29: =IF(ISNUMBER('נתונים והנחות'!$F$40),IF(9<=ROUND(1/(0.1*'נתונים והנחות'!$F$20),0),'נתונים והנחות'!$F$40*0.1*'נתונים והנחות'!$F$20,0),0) | P29: =IF(ISNUMBER('נתונים והנחות'!$F$40),IF(10<=ROUND(1/(0.1*'נתונים והנחות'!$F$20),0),'נתונים והנחות'!$F$40*0.1*'נתונים והנחות'!$F$20,0),0) | Q29: =IF(ISNUMBER('נתונים והנחות'!$F$40),IF(11<=ROUND(1/(0.1*'נתונים והנחות'!$F$20),0),'נתונים והנחות'!$F$40*0.1*'נתונים והנחות'!$F$20,0),0) | R29: =IF(ISNUMBER('נתונים והנחות'!$F$40),IF(12<=ROUND(1/(0.1*'נתונים והנחות'!$F$20),0),'נתונים והנחות'!$F$40*0.1*'נתונים והנחות'!$F$20,0),0) | S29: =IF(ISNUMBER('נתונים והנחות'!$F$40),IF(13<=ROUND(1/(0.1*'נתונים והנחות'!$F$20),0),'נתונים והנחות'!$F$40*0.1*'נתונים והנחות'!$F$20,0),0) | T29: =IF(ISNUMBER('נתונים והנחות'!$F$40),IF(14<=ROUND(1/(0.1*'נתונים והנחות'!$F$20),0),'נתונים והנחות'!$F$40*0.1*'נתונים והנחות'!$F$20,0),0) | U29: =IF(ISNUMBER('נתונים והנחות'!$F$40),IF(15<=ROUND(1/(0.1*'נתונים והנחות'!$F$20),0),'נתונים והנחות'!$F$40*0.1*'נתונים והנחות'!$F$20,0),0) | V29: =IF(ISNUMBER('נתונים והנחות'!$F$40),IF(16<=ROUND(1/(0.1*'נתונים והנחות'!$F$20),0),'נתונים והנחות'!$F$40*0.1*'נתונים והנחות'!$F$20,0),0) | W29: =IF(ISNUMBER('נתונים והנחות'!$F$40),IF(17<=ROUND(1/(0.1*'נתונים והנחות'!$F$20),0),'נתונים והנחות'!$F$40*0.1*'נתונים והנחות'!$F$20,0),0) | X29: =IF(ISNUMBER('נתונים והנחות'!$F$40),IF(18<=ROUND(1/(0.1*'נתונים והנחות'!$F$20),0),'נתונים והנחות'!$F$40*0.1*'נתונים והנחות'!$F$20,0),0) | Y29: =IF(ISNUMBER('נתונים והנחות'!$F$40),IF(19<=ROUND(1/(0.1*'נתונים והנחות'!$F$20),0),'נתונים והנחות'!$F$40*0.1*'נתונים והנחות'!$F$20,0),0) | Z29: =IF(ISNUMBER('נתונים והנחות'!$F$40),IF(20<=ROUND(1/(0.1*'נתונים והנחות'!$F$20),0),'נתונים והנחות'!$F$40*0.1*'נתונים והנחות'!$F$20,0),0)
B30: מגן מס מואץ — משאבות חום — 40 kW | C30: ₪ | D30: חישוב | F30: 0 | G30: =G29*'נתונים והנחות'!$F$10 | H30: =H29*'נתונים והנחות'!$F$10 | I30: =I29*'נתונים והנחות'!$F$10 | J30: =J29*'נתונים והנחות'!$F$10 | K30: =K29*'נתונים והנחות'!$F$10 | L30: =L29*'נתונים והנחות'!$F$10 | M30: =M29*'נתונים והנחות'!$F$10 | N30: =N29*'נתונים והנחות'!$F$10 | ... Z30: =Z29*'נתונים והנחות'!$F$10
B32: ג. ניתוח תזרים מזומנים — שלושה תרחישים
B33: פרמטר | C33: יחידות | D33: מקור | E33: הערות | F33: שנה 0 (השקעה) | G33: שנה 1 | H33: שנה 2 | I33: שנה 3 | J33: שנה 4 | K33: שנה 5 | L33: שנה 6 | M33: שנה 7 | N33: שנה 8 | O33: שנה 9 | P33: שנה 10 | Q33: שנה 11 | R33: שנה 12 | S33: שנה 13 | T33: שנה 14 | U33: שנה 15 | V33: שנה 16 | W33: שנה 17 | X33: שנה 18 | Y33: שנה 19 | Z33: שנה 20
B34: תרחיש A — רכישת תנור מזוט/סולר — 40 kW (ציוד קיים)
B35: השקעה ראשונית | C35: ₪ | D35: חישוב | F35: =IF(ISNUMBER('נתונים והנחות'!$F$39),-'נתונים והנחות'!$F$39,"PENDING")
B36: OPEX אנרגיה/דלק | C36: ₪ | D36: חישוב | F36: 0 | G36: =IF(ISNUMBER('נתונים והנחות'!$F$47),-'נתונים והנחות'!$F$47,0) | H36: =IF(ISNUMBER('נתונים והנחות'!$F$47),-'נתונים והנחות'!$F$47,0) | I36: =IF(ISNUMBER('נתונים והנחות'!$F$47),-'נתונים והנחות'!$F$47,0) | J36: =IF(ISNUMBER('נתונים והנחות'!$F$47),-'נתונים והנחות'!$F$47,0) | K36: =IF(ISNUMBER('נתונים והנחות'!$F$47),-'נתונים והנחות'!$F$47,0) | L36: =IF(ISNUMBER('נתונים והנחות'!$F$47),-'נתונים והנחות'!$F$47,0) | M36: =IF(ISNUMBER('נתונים והנחות'!$F$47),-'נתונים והנחות'!$F$47,0) | N36: =IF(ISNUMBER('נתונים והנחות'!$F$47),-'נתונים והנחות'!$F$47,0) | ... U36: =IF(ISNUMBER('נתונים והנחות'!$F$47),-'נתונים והנחות'!$F$47,0) | V36: =0 | W36: =0 | X36: =0 | Y36: =0 | Z36: =0
B37: OPEX אחר | C37: ₪ | D37: חישוב | F37: 0 | G37: =IF(ISNUMBER('נתונים והנחות'!$F$45),-'נתונים והנחות'!$F$45,0) | H37: =IF(ISNUMBER('נתונים והנחות'!$F$45),-'נתונים והנחות'!$F$45,0) | I37: =IF(ISNUMBER('נתונים והנחות'!$F$45),-'נתונים והנחות'!$F$45,0) | J37: =IF(ISNUMBER('נתונים והנחות'!$F$45),-'נתונים והנחות'!$F$45,0) | K37: =IF(ISNUMBER('נתונים והנחות'!$F$45),-'נתונים והנחות'!$F$45,0) | L37: =IF(ISNUMBER('נתונים והנחות'!$F$45),-'נתונים והנחות'!$F$45,0) | M37: =IF(ISNUMBER('נתונים והנחות'!$F$45),-'נתונים והנחות'!$F$45,0) | N37: =IF(ISNUMBER('נתונים והנחות'!$F$45),-'נתונים והנחות'!$F$45,0) | ... U37: =IF(ISNUMBER('נתונים והנחות'!$F$45),-'נתונים והנחות'!$F$45,0) | V37: =0 | W37: =0 | X37: =0 | Y37: =0 | Z37: =0
B38: תזרים נקי — A | C38: ₪ | D38: חישוב | F38: =F35 | G38: =G36+G37+G26 | H38: =H36+H37+H26 | I38: =I36+I37+I26 | J38: =J36+J37+J26 | K38: =K36+K37+K26 | L38: =L36+L37+L26 | M38: =M36+M37+M26 | N38: =N36+N37+N26 | ... Z38: =Z36+Z37+Z26
B39: תזרים מהוון — A | C39: ₪ | D39: חישוב | F39: =F38 | G39: =G38/(1+'נתונים והנחות'!$F$11)^1 | H39: =H38/(1+'נתונים והנחות'!$F$11)^2 | I39: =I38/(1+'נתונים והנחות'!$F$11)^3 | J39: =J38/(1+'נתונים והנחות'!$F$11)^4 | K39: =K38/(1+'נתונים והנחות'!$F$11)^5 | L39: =L38/(1+'נתונים והנחות'!$F$11)^6 | M39: =M38/(1+'נתונים והנחות'!$F$11)^7 | N39: =N38/(1+'נתונים והנחות'!$F$11)^8 | O39: =O38/(1+'נתונים והנחות'!$F$11)^9 | P39: =P38/(1+'נתונים והנחות'!$F$11)^10 | Q39: =Q38/(1+'נתונים והנחות'!$F$11)^11 | R39: =R38/(1+'נתונים והנחות'!$F$11)^12 | S39: =S38/(1+'נתונים והנחות'!$F$11)^13 | T39: =T38/(1+'נתונים והנחות'!$F$11)^14 | U39: =U38/(1+'נתונים והנחות'!$F$11)^15 | V39: =V38/(1+'נתונים והנחות'!$F$11)^16 | W39: =W38/(1+'נתונים והנחות'!$F$11)^17 | X39: =X38/(1+'נתונים והנחות'!$F$11)^18 | Y39: =Y38/(1+'נתונים והנחות'!$F$11)^19 | Z39: =Z38/(1+'נתונים והנחות'!$F$11)^20
B41: תרחיש B — רכישת משאבות חום — 40 kW | פחת סטנדרטי (ללא תמריץ)
B42: השקעה ראשונית | C42: ₪ | D42: חישוב | F42: =IF(ISNUMBER('נתונים והנחות'!$F$40),-'נתונים והנחות'!$F$40,"PENDING")
B43: OPEX אנרגיה (עם שחיקה) | C43: ₪ | D43: חישוב | F43: 0 | G43: =IF(ISNUMBER('נתונים והנחות'!$F$48),-'נתונים והנחות'!$F$48*(1-0.005)^0,0) | H43: =IF(ISNUMBER('נתונים והנחות'!$F$48),-'נתונים והנחות'!$F$48*(1-0.005)^1,0) | I43: =IF(ISNUMBER('נתונים והנחות'!$F$48),-'נתונים והנחות'!$F$48*(1-0.005)^2,0) | J43: =IF(ISNUMBER('נתונים והנחות'!$F$48),-'נתונים והנחות'!$F$48*(1-0.005)^3,0) | K43: =IF(ISNUMBER('נתונים והנחות'!$F$48),-'נתונים והנחות'!$F$48*(1-0.005)^4,0) | L43: =IF(ISNUMBER('נתונים והנחות'!$F$48),-'נתונים והנחות'!$F$48*(1-0.005)^5,0) | M43: =IF(ISNUMBER('נתונים והנחות'!$F$48),-'נתונים והנחות'!$F$48*(1-0.005)^6,0) | N43: =IF(ISNUMBER('נתונים והנחות'!$F$48),-'נתונים והנחות'!$F$48*(1-0.005)^7,0) | O43: =IF(ISNUMBER('נתונים והנחות'!$F$48),-'נתונים והנחות'!$F$48*(1-0.005)^8,0) | P43: =IF(ISNUMBER('נתונים והנחות'!$F$48),-'נתונים והנחות'!$F$48*(1-0.005)^9,0) | Q43: =0 | R43: =0 | S43: =0 | T43: =0 | U43: =0 | V43: =0 | W43: =0 | X43: =0 | ... Z43: =0
B44: OPEX אחר | C44: ₪ | D44: חישוב | F44: 0 | G44: =IF(ISNUMBER('נתונים והנחות'!$F$46),-'נתונים והנחות'!$F$46,0) | H44: =IF(ISNUMBER('נתונים והנחות'!$F$46),-'נתונים והנחות'!$F$46,0) | I44: =IF(ISNUMBER('נתונים והנחות'!$F$46),-'נתונים והנחות'!$F$46,0) | J44: =IF(ISNUMBER('נתונים והנחות'!$F$46),-'נתונים והנחות'!$F$46,0) | K44: =IF(ISNUMBER('נתונים והנחות'!$F$46),-'נתונים והנחות'!$F$46,0) | L44: =IF(ISNUMBER('נתונים והנחות'!$F$46),-'נתונים והנחות'!$F$46,0) | M44: =IF(ISNUMBER('נתונים והנחות'!$F$46),-'נתונים והנחות'!$F$46,0) | N44: =IF(ISNUMBER('נתונים והנחות'!$F$46),-'נתונים והנחות'!$F$46,0) | ... P44: =IF(ISNUMBER('נתונים והנחות'!$F$46),-'נתונים והנחות'!$F$46,0) | Q44: =0 | R44: =0 | S44: =0 | T44: =0 | U44: =0 | V44: =0 | W44: =0 | X44: =0 | ... Z44: =0
B45: תזרים נקי — B | C45: ₪ | D45: חישוב | F45: =F42 | G45: =G43+G44+G28 | H45: =H43+H44+H28 | I45: =I43+I44+I28 | J45: =J43+J44+J28 | K45: =K43+K44+K28 | L45: =L43+L44+L28 | M45: =M43+M44+M28 | N45: =N43+N44+N28 | ... Z45: =Z43+Z44+Z28
B46: תזרים מהוון — B | C46: ₪ | D46: חישוב | F46: =F45 | G46: =G45/(1+'נתונים והנחות'!$F$11)^1 | H46: =H45/(1+'נתונים והנחות'!$F$11)^2 | I46: =I45/(1+'נתונים והנחות'!$F$11)^3 | J46: =J45/(1+'נתונים והנחות'!$F$11)^4 | K46: =K45/(1+'נתונים והנחות'!$F$11)^5 | L46: =L45/(1+'נתונים והנחות'!$F$11)^6 | M46: =M45/(1+'נתונים והנחות'!$F$11)^7 | N46: =N45/(1+'נתונים והנחות'!$F$11)^8 | O46: =O45/(1+'נתונים והנחות'!$F$11)^9 | P46: =P45/(1+'נתונים והנחות'!$F$11)^10 | Q46: =Q45/(1+'נתונים והנחות'!$F$11)^11 | R46: =R45/(1+'נתונים והנחות'!$F$11)^12 | S46: =S45/(1+'נתונים והנחות'!$F$11)^13 | T46: =T45/(1+'נתונים והנחות'!$F$11)^14 | U46: =U45/(1+'נתונים והנחות'!$F$11)^15 | V46: =V45/(1+'נתונים והנחות'!$F$11)^16 | W46: =W45/(1+'נתונים והנחות'!$F$11)^17 | X46: =X45/(1+'נתונים והנחות'!$F$11)^18 | Y46: =Y45/(1+'נתונים והנחות'!$F$11)^19 | Z46: =Z45/(1+'נתונים והנחות'!$F$11)^20
B48: תרחיש C — רכישת משאבות חום — 40 kW | פחת מואץ (עם תמריץ)
B49: * OPEX זהה ל-B — ההבדל הוא מגן המס המואץ בלבד
B50: תזרים נקי — C | C50: ₪ | D50: חישוב | F50: =F42 | G50: =G43+G44+G30 | H50: =H43+H44+H30 | I50: =I43+I44+I30 | J50: =J43+J44+J30 | K50: =K43+K44+K30 | L50: =L43+L44+L30 | M50: =M43+M44+M30 | N50: =N43+N44+N30 | ... Z50: =Z43+Z44+Z30
B51: תזרים מהוון — C | C51: ₪ | D51: חישוב | F51: =F50 | G51: =G50/(1+'נתונים והנחות'!$F$11)^1 | H51: =H50/(1+'נתונים והנחות'!$F$11)^2 | I51: =I50/(1+'נתונים והנחות'!$F$11)^3 | J51: =J50/(1+'נתונים והנחות'!$F$11)^4 | K51: =K50/(1+'נתונים והנחות'!$F$11)^5 | L51: =L50/(1+'נתונים והנחות'!$F$11)^6 | M51: =M50/(1+'נתונים והנחות'!$F$11)^7 | N51: =N50/(1+'נתונים והנחות'!$F$11)^8 | O51: =O50/(1+'נתונים והנחות'!$F$11)^9 | P51: =P50/(1+'נתונים והנחות'!$F$11)^10 | Q51: =Q50/(1+'נתונים והנחות'!$F$11)^11 | R51: =R50/(1+'נתונים והנחות'!$F$11)^12 | S51: =S50/(1+'נתונים והנחות'!$F$11)^13 | T51: =T50/(1+'נתונים והנחות'!$F$11)^14 | U51: =U50/(1+'נתונים והנחות'!$F$11)^15 | V51: =V50/(1+'נתונים והנחות'!$F$11)^16 | W51: =W50/(1+'נתונים והנחות'!$F$11)^17 | X51: =X50/(1+'נתונים והנחות'!$F$11)^18 | Y51: =Y50/(1+'נתונים והנחות'!$F$11)^19 | Z51: =Z50/(1+'נתונים והנחות'!$F$11)^20
B53: ד. תוצאות — NPV
B54: NPV — תרחיש A (תנור מזוט/סולר — 40 kW) | C54: ש"ח | F54: =SUM(F39:Z39)
B55: NPV — תרחיש B (משאבות חום — 40 kW, ללא תמריץ) | C55: ש"ח | F55: =SUM(F46:Z46)
B56: NPV — תרחיש C (משאבות חום — 40 kW, עם תמריץ) | C56: ש"ח | F56: =SUM(F51:Z51)
B58: NPV מצטבר — הצדקת השדרוג (B−A) | C58: ש"ח | F58: =F55-F54
B59: ערך התמריץ — תועלת הפחת המואץ (C−B) | C59: ש"ח | F59: =F56-F55
B63: 3.1ב משאבות חום — 70 kW
B64: * מול תנור מזוט/סולר — 70 kW | נתונים: גיליון 'נתונים והנחות' סעיף 4
B65: ב. לוחות פחת (ציוד בסיסי vs. יעיל)
B66: פרמטר | C66: יחידות | D66: מקור | E66: הערות | F66: שנה 0 (השקעה) | G66: שנה 1 | H66: שנה 2 | I66: שנה 3 | J66: שנה 4 | K66: שנה 5 | L66: שנה 6 | M66: שנה 7 | N66: שנה 8 | O66: שנה 9 | P66: שנה 10 | Q66: שנה 11 | R66: שנה 12 | S66: שנה 13 | T66: שנה 14 | U66: שנה 15 | V66: שנה 16 | W66: שנה 17 | X66: שנה 18 | Y66: שנה 19 | Z66: שנה 20
B67: פחת סטנדרטי — תנור מזוט/סולר — 70 kW | C67: ₪ | D67: חישוב | F67: 0 | G67: =IF(ISNUMBER('נתונים והנחות'!$G$39),'נתונים והנחות'!$G$39*0.1,0) | H67: =IF(ISNUMBER('נתונים והנחות'!$G$39),'נתונים והנחות'!$G$39*0.1,0) | I67: =IF(ISNUMBER('נתונים והנחות'!$G$39),'נתונים והנחות'!$G$39*0.1,0) | J67: =IF(ISNUMBER('נתונים והנחות'!$G$39),'נתונים והנחות'!$G$39*0.1,0) | K67: =IF(ISNUMBER('נתונים והנחות'!$G$39),'נתונים והנחות'!$G$39*0.1,0) | L67: =IF(ISNUMBER('נתונים והנחות'!$G$39),'נתונים והנחות'!$G$39*0.1,0) | M67: =IF(ISNUMBER('נתונים והנחות'!$G$39),'נתונים והנחות'!$G$39*0.1,0) | N67: =IF(ISNUMBER('נתונים והנחות'!$G$39),'נתונים והנחות'!$G$39*0.1,0) | ... P67: =IF(ISNUMBER('נתונים והנחות'!$G$39),'נתונים והנחות'!$G$39*0.1,0) | Q67: =0 | R67: =0 | S67: =0 | T67: =0 | U67: =0 | V67: =0 | W67: =0 | X67: =0 | ... Z67: =0
B68: מגן מס — תנור מזוט/סולר — 70 kW | C68: ₪ | D68: חישוב | F68: 0 | G68: =G67*'נתונים והנחות'!$F$10 | H68: =H67*'נתונים והנחות'!$F$10 | I68: =I67*'נתונים והנחות'!$F$10 | J68: =J67*'נתונים והנחות'!$F$10 | K68: =K67*'נתונים והנחות'!$F$10 | L68: =L67*'נתונים והנחות'!$F$10 | M68: =M67*'נתונים והנחות'!$F$10 | N68: =N67*'נתונים והנחות'!$F$10 | ... Z68: =Z67*'נתונים והנחות'!$F$10
B69: פחת סטנדרטי — משאבות חום — 70 kW | C69: ₪ | D69: חישוב | F69: 0 | G69: =IF(ISNUMBER('נתונים והנחות'!$G$40),'נתונים והנחות'!$G$40*0.1,0) | H69: =IF(ISNUMBER('נתונים והנחות'!$G$40),'נתונים והנחות'!$G$40*0.1,0) | I69: =IF(ISNUMBER('נתונים והנחות'!$G$40),'נתונים והנחות'!$G$40*0.1,0) | J69: =IF(ISNUMBER('נתונים והנחות'!$G$40),'נתונים והנחות'!$G$40*0.1,0) | K69: =IF(ISNUMBER('נתונים והנחות'!$G$40),'נתונים והנחות'!$G$40*0.1,0) | L69: =IF(ISNUMBER('נתונים והנחות'!$G$40),'נתונים והנחות'!$G$40*0.1,0) | M69: =IF(ISNUMBER('נתונים והנחות'!$G$40),'נתונים והנחות'!$G$40*0.1,0) | N69: =IF(ISNUMBER('נתונים והנחות'!$G$40),'נתונים והנחות'!$G$40*0.1,0) | ... P69: =IF(ISNUMBER('נתונים והנחות'!$G$40),'נתונים והנחות'!$G$40*0.1,0) | Q69: =0 | R69: =0 | S69: =0 | T69: =0 | U69: =0 | V69: =0 | W69: =0 | X69: =0 | ... Z69: =0
B70: מגן מס סטנדרטי — משאבות חום — 70 kW | C70: ₪ | D70: חישוב | F70: 0 | G70: =G69*'נתונים והנחות'!$F$10 | H70: =H69*'נתונים והנחות'!$F$10 | I70: =I69*'נתונים והנחות'!$F$10 | J70: =J69*'נתונים והנחות'!$F$10 | K70: =K69*'נתונים והנחות'!$F$10 | L70: =L69*'נתונים והנחות'!$F$10 | M70: =M69*'נתונים והנחות'!$F$10 | N70: =N69*'נתונים והנחות'!$F$10 | ... Z70: =Z69*'נתונים והנחות'!$F$10
B71: פחת מואץ — משאבות חום — 70 kW | C71: ₪ | D71: חישוב | F71: 0 | G71: =IF(ISNUMBER('נתונים והנחות'!$G$40),IF(1<=ROUND(1/(0.1*'נתונים והנחות'!$F$20),0),'נתונים והנחות'!$G$40*0.1*'נתונים והנחות'!$F$20,0),0) | H71: =IF(ISNUMBER('נתונים והנחות'!$G$40),IF(2<=ROUND(1/(0.1*'נתונים והנחות'!$F$20),0),'נתונים והנחות'!$G$40*0.1*'נתונים והנחות'!$F$20,0),0) | I71: =IF(ISNUMBER('נתונים והנחות'!$G$40),IF(3<=ROUND(1/(0.1*'נתונים והנחות'!$F$20),0),'נתונים והנחות'!$G$40*0.1*'נתונים והנחות'!$F$20,0),0) | J71: =IF(ISNUMBER('נתונים והנחות'!$G$40),IF(4<=ROUND(1/(0.1*'נתונים והנחות'!$F$20),0),'נתונים והנחות'!$G$40*0.1*'נתונים והנחות'!$F$20,0),0) | K71: =IF(ISNUMBER('נתונים והנחות'!$G$40),IF(5<=ROUND(1/(0.1*'נתונים והנחות'!$F$20),0),'נתונים והנחות'!$G$40*0.1*'נתונים והנחות'!$F$20,0),0) | L71: =IF(ISNUMBER('נתונים והנחות'!$G$40),IF(6<=ROUND(1/(0.1*'נתונים והנחות'!$F$20),0),'נתונים והנחות'!$G$40*0.1*'נתונים והנחות'!$F$20,0),0) | M71: =IF(ISNUMBER('נתונים והנחות'!$G$40),IF(7<=ROUND(1/(0.1*'נתונים והנחות'!$F$20),0),'נתונים והנחות'!$G$40*0.1*'נתונים והנחות'!$F$20,0),0) | N71: =IF(ISNUMBER('נתונים והנחות'!$G$40),IF(8<=ROUND(1/(0.1*'נתונים והנחות'!$F$20),0),'נתונים והנחות'!$G$40*0.1*'נתונים והנחות'!$F$20,0),0) | O71: =IF(ISNUMBER('נתונים והנחות'!$G$40),IF(9<=ROUND(1/(0.1*'נתונים והנחות'!$F$20),0),'נתונים והנחות'!$G$40*0.1*'נתונים והנחות'!$F$20,0),0) | P71: =IF(ISNUMBER('נתונים והנחות'!$G$40),IF(10<=ROUND(1/(0.1*'נתונים והנחות'!$F$20),0),'נתונים והנחות'!$G$40*0.1*'נתונים והנחות'!$F$20,0),0) | Q71: =IF(ISNUMBER('נתונים והנחות'!$G$40),IF(11<=ROUND(1/(0.1*'נתונים והנחות'!$F$20),0),'נתונים והנחות'!$G$40*0.1*'נתונים והנחות'!$F$20,0),0) | R71: =IF(ISNUMBER('נתונים והנחות'!$G$40),IF(12<=ROUND(1/(0.1*'נתונים והנחות'!$F$20),0),'נתונים והנחות'!$G$40*0.1*'נתונים והנחות'!$F$20,0),0) | S71: =IF(ISNUMBER('נתונים והנחות'!$G$40),IF(13<=ROUND(1/(0.1*'נתונים והנחות'!$F$20),0),'נתונים והנחות'!$G$40*0.1*'נתונים והנחות'!$F$20,0),0) | T71: =IF(ISNUMBER('נתונים והנחות'!$G$40),IF(14<=ROUND(1/(0.1*'נתונים והנחות'!$F$20),0),'נתונים והנחות'!$G$40*0.1*'נתונים והנחות'!$F$20,0),0) | U71: =IF(ISNUMBER('נתונים והנחות'!$G$40),IF(15<=ROUND(1/(0.1*'נתונים והנחות'!$F$20),0),'נתונים והנחות'!$G$40*0.1*'נתונים והנחות'!$F$20,0),0) | V71: =IF(ISNUMBER('נתונים והנחות'!$G$40),IF(16<=ROUND(1/(0.1*'נתונים והנחות'!$F$20),0),'נתונים והנחות'!$G$40*0.1*'נתונים והנחות'!$F$20,0),0) | W71: =IF(ISNUMBER('נתונים והנחות'!$G$40),IF(17<=ROUND(1/(0.1*'נתונים והנחות'!$F$20),0),'נתונים והנחות'!$G$40*0.1*'נתונים והנחות'!$F$20,0),0) | X71: =IF(ISNUMBER('נתונים והנחות'!$G$40),IF(18<=ROUND(1/(0.1*'נתונים והנחות'!$F$20),0),'נתונים והנחות'!$G$40*0.1*'נתונים והנחות'!$F$20,0),0) | Y71: =IF(ISNUMBER('נתונים והנחות'!$G$40),IF(19<=ROUND(1/(0.1*'נתונים והנחות'!$F$20),0),'נתונים והנחות'!$G$40*0.1*'נתונים והנחות'!$F$20,0),0) | Z71: =IF(ISNUMBER('נתונים והנחות'!$G$40),IF(20<=ROUND(1/(0.1*'נתונים והנחות'!$F$20),0),'נתונים והנחות'!$G$40*0.1*'נתונים והנחות'!$F$20,0),0)
B72: מגן מס מואץ — משאבות חום — 70 kW | C72: ₪ | D72: חישוב | F72: 0 | G72: =G71*'נתונים והנחות'!$F$10 | H72: =H71*'נתונים והנחות'!$F$10 | I72: =I71*'נתונים והנחות'!$F$10 | J72: =J71*'נתונים והנחות'!$F$10 | K72: =K71*'נתונים והנחות'!$F$10 | L72: =L71*'נתונים והנחות'!$F$10 | M72: =M71*'נתונים והנחות'!$F$10 | N72: =N71*'נתונים והנחות'!$F$10 | ... Z72: =Z71*'נתונים והנחות'!$F$10
B74: ג. ניתוח תזרים מזומנים — שלושה תרחישים
B75: פרמטר | C75: יחידות | D75: מקור | E75: הערות | F75: שנה 0 (השקעה) | G75: שנה 1 | H75: שנה 2 | I75: שנה 3 | J75: שנה 4 | K75: שנה 5 | L75: שנה 6 | M75: שנה 7 | N75: שנה 8 | O75: שנה 9 | P75: שנה 10 | Q75: שנה 11 | R75: שנה 12 | S75: שנה 13 | T75: שנה 14 | U75: שנה 15 | V75: שנה 16 | W75: שנה 17 | X75: שנה 18 | Y75: שנה 19 | Z75: שנה 20
B76: תרחיש A — רכישת תנור מזוט/סולר — 70 kW (ציוד קיים)
B77: השקעה ראשונית | C77: ₪ | D77: חישוב | F77: =IF(ISNUMBER('נתונים והנחות'!$G$39),-'נתונים והנחות'!$G$39,"PENDING")
B78: OPEX אנרגיה/דלק | C78: ₪ | D78: חישוב | F78: 0 | G78: =IF(ISNUMBER('נתונים והנחות'!$G$47),-'נתונים והנחות'!$G$47,0) | H78: =IF(ISNUMBER('נתונים והנחות'!$G$47),-'נתונים והנחות'!$G$47,0) | I78: =IF(ISNUMBER('נתונים והנחות'!$G$47),-'נתונים והנחות'!$G$47,0) | J78: =IF(ISNUMBER('נתונים והנחות'!$G$47),-'נתונים והנחות'!$G$47,0) | K78: =IF(ISNUMBER('נתונים והנחות'!$G$47),-'נתונים והנחות'!$G$47,0) | L78: =IF(ISNUMBER('נתונים והנחות'!$G$47),-'נתונים והנחות'!$G$47,0) | M78: =IF(ISNUMBER('נתונים והנחות'!$G$47),-'נתונים והנחות'!$G$47,0) | N78: =IF(ISNUMBER('נתונים והנחות'!$G$47),-'נתונים והנחות'!$G$47,0) | ... U78: =IF(ISNUMBER('נתונים והנחות'!$G$47),-'נתונים והנחות'!$G$47,0) | V78: =0 | W78: =0 | X78: =0 | Y78: =0 | Z78: =0
B79: OPEX אחר | C79: ₪ | D79: חישוב | F79: 0 | G79: =IF(ISNUMBER('נתונים והנחות'!$G$45),-'נתונים והנחות'!$G$45,0) | H79: =IF(ISNUMBER('נתונים והנחות'!$G$45),-'נתונים והנחות'!$G$45,0) | I79: =IF(ISNUMBER('נתונים והנחות'!$G$45),-'נתונים והנחות'!$G$45,0) | J79: =IF(ISNUMBER('נתונים והנחות'!$G$45),-'נתונים והנחות'!$G$45,0) | K79: =IF(ISNUMBER('נתונים והנחות'!$G$45),-'נתונים והנחות'!$G$45,0) | L79: =IF(ISNUMBER('נתונים והנחות'!$G$45),-'נתונים והנחות'!$G$45,0) | M79: =IF(ISNUMBER('נתונים והנחות'!$G$45),-'נתונים והנחות'!$G$45,0) | N79: =IF(ISNUMBER('נתונים והנחות'!$G$45),-'נתונים והנחות'!$G$45,0) | ... U79: =IF(ISNUMBER('נתונים והנחות'!$G$45),-'נתונים והנחות'!$G$45,0) | V79: =0 | W79: =0 | X79: =0 | Y79: =0 | Z79: =0
B80: תזרים נקי — A | C80: ₪ | D80: חישוב | F80: =F77 | G80: =G78+G79+G68 | H80: =H78+H79+H68 | I80: =I78+I79+I68 | J80: =J78+J79+J68 | K80: =K78+K79+K68 | L80: =L78+L79+L68 | M80: =M78+M79+M68 | N80: =N78+N79+N68 | ... Z80: =Z78+Z79+Z68
B81: תזרים מהוון — A | C81: ₪ | D81: חישוב | F81: =F80 | G81: =G80/(1+'נתונים והנחות'!$F$11)^1 | H81: =H80/(1+'נתונים והנחות'!$F$11)^2 | I81: =I80/(1+'נתונים והנחות'!$F$11)^3 | J81: =J80/(1+'נתונים והנחות'!$F$11)^4 | K81: =K80/(1+'נתונים והנחות'!$F$11)^5 | L81: =L80/(1+'נתונים והנחות'!$F$11)^6 | M81: =M80/(1+'נתונים והנחות'!$F$11)^7 | N81: =N80/(1+'נתונים והנחות'!$F$11)^8 | O81: =O80/(1+'נתונים והנחות'!$F$11)^9 | P81: =P80/(1+'נתונים והנחות'!$F$11)^10 | Q81: =Q80/(1+'נתונים והנחות'!$F$11)^11 | R81: =R80/(1+'נתונים והנחות'!$F$11)^12 | S81: =S80/(1+'נתונים והנחות'!$F$11)^13 | T81: =T80/(1+'נתונים והנחות'!$F$11)^14 | U81: =U80/(1+'נתונים והנחות'!$F$11)^15 | V81: =V80/(1+'נתונים והנחות'!$F$11)^16 | W81: =W80/(1+'נתונים והנחות'!$F$11)^17 | X81: =X80/(1+'נתונים והנחות'!$F$11)^18 | Y81: =Y80/(1+'נתונים והנחות'!$F$11)^19 | Z81: =Z80/(1+'נתונים והנחות'!$F$11)^20
B83: תרחיש B — רכישת משאבות חום — 70 kW | פחת סטנדרטי (ללא תמריץ)
B84: השקעה ראשונית | C84: ₪ | D84: חישוב | F84: =IF(ISNUMBER('נתונים והנחות'!$G$40),-'נתונים והנחות'!$G$40,"PENDING")
B85: OPEX אנרגיה (עם שחיקה) | C85: ₪ | D85: חישוב | F85: 0 | G85: =IF(ISNUMBER('נתונים והנחות'!$G$48),-'נתונים והנחות'!$G$48*(1-0.005)^0,0) | H85: =IF(ISNUMBER('נתונים והנחות'!$G$48),-'נתונים והנחות'!$G$48*(1-0.005)^1,0) | I85: =IF(ISNUMBER('נתונים והנחות'!$G$48),-'נתונים והנחות'!$G$48*(1-0.005)^2,0) | J85: =IF(ISNUMBER('נתונים והנחות'!$G$48),-'נתונים והנחות'!$G$48*(1-0.005)^3,0) | K85: =IF(ISNUMBER('נתונים והנחות'!$G$48),-'נתונים והנחות'!$G$48*(1-0.005)^4,0) | L85: =IF(ISNUMBER('נתונים והנחות'!$G$48),-'נתונים והנחות'!$G$48*(1-0.005)^5,0) | M85: =IF(ISNUMBER('נתונים והנחות'!$G$48),-'נתונים והנחות'!$G$48*(1-0.005)^6,0) | N85: =IF(ISNUMBER('נתונים והנחות'!$G$48),-'נתונים והנחות'!$G$48*(1-0.005)^7,0) | O85: =IF(ISNUMBER('נתונים והנחות'!$G$48),-'נתונים והנחות'!$G$48*(1-0.005)^8,0) | P85: =IF(ISNUMBER('נתונים והנחות'!$G$48),-'נתונים והנחות'!$G$48*(1-0.005)^9,0) | Q85: =0 | R85: =0 | S85: =0 | T85: =0 | U85: =0 | V85: =0 | W85: =0 | X85: =0 | ... Z85: =0
B86: OPEX אחר | C86: ₪ | D86: חישוב | F86: 0 | G86: =IF(ISNUMBER('נתונים והנחות'!$G$46),-'נתונים והנחות'!$G$46,0) | H86: =IF(ISNUMBER('נתונים והנחות'!$G$46),-'נתונים והנחות'!$G$46,0) | I86: =IF(ISNUMBER('נתונים והנחות'!$G$46),-'נתונים והנחות'!$G$46,0) | J86: =IF(ISNUMBER('נתונים והנחות'!$G$46),-'נתונים והנחות'!$G$46,0) | K86: =IF(ISNUMBER('נתונים והנחות'!$G$46),-'נתונים והנחות'!$G$46,0) | L86: =IF(ISNUMBER('נתונים והנחות'!$G$46),-'נתונים והנחות'!$G$46,0) | M86: =IF(ISNUMBER('נתונים והנחות'!$G$46),-'נתונים והנחות'!$G$46,0) | N86: =IF(ISNUMBER('נתונים והנחות'!$G$46),-'נתונים והנחות'!$G$46,0) | ... P86: =IF(ISNUMBER('נתונים והנחות'!$G$46),-'נתונים והנחות'!$G$46,0) | Q86: =0 | R86: =0 | S86: =0 | T86: =0 | U86: =0 | V86: =0 | W86: =0 | X86: =0 | ... Z86: =0
B87: תזרים נקי — B | C87: ₪ | D87: חישוב | F87: =F84 | G87: =G85+G86+G70 | H87: =H85+H86+H70 | I87: =I85+I86+I70 | J87: =J85+J86+J70 | K87: =K85+K86+K70 | L87: =L85+L86+L70 | M87: =M85+M86+M70 | N87: =N85+N86+N70 | ... Z87: =Z85+Z86+Z70
B88: תזרים מהוון — B | C88: ₪ | D88: חישוב | F88: =F87 | G88: =G87/(1+'נתונים והנחות'!$F$11)^1 | H88: =H87/(1+'נתונים והנחות'!$F$11)^2 | I88: =I87/(1+'נתונים והנחות'!$F$11)^3 | J88: =J87/(1+'נתונים והנחות'!$F$11)^4 | K88: =K87/(1+'נתונים והנחות'!$F$11)^5 | L88: =L87/(1+'נתונים והנחות'!$F$11)^6 | M88: =M87/(1+'נתונים והנחות'!$F$11)^7 | N88: =N87/(1+'נתונים והנחות'!$F$11)^8 | O88: =O87/(1+'נתונים והנחות'!$F$11)^9 | P88: =P87/(1+'נתונים והנחות'!$F$11)^10 | Q88: =Q87/(1+'נתונים והנחות'!$F$11)^11 | R88: =R87/(1+'נתונים והנחות'!$F$11)^12 | S88: =S87/(1+'נתונים והנחות'!$F$11)^13 | T88: =T87/(1+'נתונים והנחות'!$F$11)^14 | U88: =U87/(1+'נתונים והנחות'!$F$11)^15 | V88: =V87/(1+'נתונים והנחות'!$F$11)^16 | W88: =W87/(1+'נתונים והנחות'!$F$11)^17 | X88: =X87/(1+'נתונים והנחות'!$F$11)^18 | Y88: =Y87/(1+'נתונים והנחות'!$F$11)^19 | Z88: =Z87/(1+'נתונים והנחות'!$F$11)^20
B90: תרחיש C — רכישת משאבות חום — 70 kW | פחת מואץ (עם תמריץ)
B91: * OPEX זהה ל-B — ההבדל הוא מגן המס המואץ בלבד
B92: תזרים נקי — C | C92: ₪ | D92: חישוב | F92: =F84 | G92: =G85+G86+G72 | H92: =H85+H86+H72 | I92: =I85+I86+I72 | J92: =J85+J86+J72 | K92: =K85+K86+K72 | L92: =L85+L86+L72 | M92: =M85+M86+M72 | N92: =N85+N86+N72 | ... Z92: =Z85+Z86+Z72
B93: תזרים מהוון — C | C93: ₪ | D93: חישוב | F93: =F92 | G93: =G92/(1+'נתונים והנחות'!$F$11)^1 | H93: =H92/(1+'נתונים והנחות'!$F$11)^2 | I93: =I92/(1+'נתונים והנחות'!$F$11)^3 | J93: =J92/(1+'נתונים והנחות'!$F$11)^4 | K93: =K92/(1+'נתונים והנחות'!$F$11)^5 | L93: =L92/(1+'נתונים והנחות'!$F$11)^6 | M93: =M92/(1+'נתונים והנחות'!$F$11)^7 | N93: =N92/(1+'נתונים והנחות'!$F$11)^8 | O93: =O92/(1+'נתונים והנחות'!$F$11)^9 | P93: =P92/(1+'נתונים והנחות'!$F$11)^10 | Q93: =Q92/(1+'נתונים והנחות'!$F$11)^11 | R93: =R92/(1+'נתונים והנחות'!$F$11)^12 | S93: =S92/(1+'נתונים והנחות'!$F$11)^13 | T93: =T92/(1+'נתונים והנחות'!$F$11)^14 | U93: =U92/(1+'נתונים והנחות'!$F$11)^15 | V93: =V92/(1+'נתונים והנחות'!$F$11)^16 | W93: =W92/(1+'נתונים והנחות'!$F$11)^17 | X93: =X92/(1+'נתונים והנחות'!$F$11)^18 | Y93: =Y92/(1+'נתונים והנחות'!$F$11)^19 | Z93: =Z92/(1+'נתונים והנחות'!$F$11)^20
B95: ד. תוצאות — NPV
B96: NPV — תרחיש A (תנור מזוט/סולר — 70 kW) | C96: ש"ח | F96: =SUM(F81:Z81)
B97: NPV — תרחיש B (משאבות חום — 70 kW, ללא תמריץ) | C97: ש"ח | F97: =SUM(F88:Z88)
B98: NPV — תרחיש C (משאבות חום — 70 kW, עם תמריץ) | C98: ש"ח | F98: =SUM(F93:Z93)
B100: NPV מצטבר — הצדקת השדרוג (B−A) | C100: ש"ח | F100: =F97-F96
B101: ערך התמריץ — תועלת הפחת המואץ (C−B) | C101: ש"ח | F101: =F98-F97
B105: 3.2א צ'ילרים — 100 RT
B106: * מול מערכת קירור קונבנציונלית — 100 RT | נתונים: גיליון 'נתונים והנחות' סעיף 4
B107: ב. לוחות פחת (ציוד בסיסי vs. יעיל)
B108: פרמטר | C108: יחידות | D108: מקור | E108: הערות | F108: שנה 0 (השקעה) | G108: שנה 1 | H108: שנה 2 | I108: שנה 3 | J108: שנה 4 | K108: שנה 5 | L108: שנה 6 | M108: שנה 7 | N108: שנה 8 | O108: שנה 9 | P108: שנה 10 | Q108: שנה 11 | R108: שנה 12 | S108: שנה 13 | T108: שנה 14 | U108: שנה 15 | V108: שנה 16 | W108: שנה 17 | X108: שנה 18 | Y108: שנה 19 | Z108: שנה 20
B109: פחת סטנדרטי — מערכת קירור קונבנציונלית — 100 RT | C109: ₪ | D109: חישוב | F109: 0 | G109: =IF(ISNUMBER('נתונים והנחות'!$H$39),'נתונים והנחות'!$H$39*0.1,0) | H109: =IF(ISNUMBER('נתונים והנחות'!$H$39),'נתונים והנחות'!$H$39*0.1,0) | I109: =IF(ISNUMBER('נתונים והנחות'!$H$39),'נתונים והנחות'!$H$39*0.1,0) | J109: =IF(ISNUMBER('נתונים והנחות'!$H$39),'נתונים והנחות'!$H$39*0.1,0) | K109: =IF(ISNUMBER('נתונים והנחות'!$H$39),'נתונים והנחות'!$H$39*0.1,0) | L109: =IF(ISNUMBER('נתונים והנחות'!$H$39),'נתונים והנחות'!$H$39*0.1,0) | M109: =IF(ISNUMBER('נתונים והנחות'!$H$39),'נתונים והנחות'!$H$39*0.1,0) | N109: =IF(ISNUMBER('נתונים והנחות'!$H$39),'נתונים והנחות'!$H$39*0.1,0) | ... P109: =IF(ISNUMBER('נתונים והנחות'!$H$39),'נתונים והנחות'!$H$39*0.1,0) | Q109: =0 | R109: =0 | S109: =0 | T109: =0 | U109: =0 | V109: =0 | W109: =0 | X109: =0 | ... Z109: =0
B110: מגן מס — מערכת קירור קונבנציונלית — 100 RT | C110: ₪ | D110: חישוב | F110: 0 | G110: =G109*'נתונים והנחות'!$F$10 | H110: =H109*'נתונים והנחות'!$F$10 | I110: =I109*'נתונים והנחות'!$F$10 | J110: =J109*'נתונים והנחות'!$F$10 | K110: =K109*'נתונים והנחות'!$F$10 | L110: =L109*'נתונים והנחות'!$F$10 | M110: =M109*'נתונים והנחות'!$F$10 | N110: =N109*'נתונים והנחות'!$F$10 | ... Z110: =Z109*'נתונים והנחות'!$F$10
B111: פחת סטנדרטי — צ'ילרים — 100 RT | C111: ₪ | D111: חישוב | F111: 0 | G111: =IF(ISNUMBER('נתונים והנחות'!$H$40),'נתונים והנחות'!$H$40*0.1,0) | H111: =IF(ISNUMBER('נתונים והנחות'!$H$40),'נתונים והנחות'!$H$40*0.1,0) | I111: =IF(ISNUMBER('נתונים והנחות'!$H$40),'נתונים והנחות'!$H$40*0.1,0) | J111: =IF(ISNUMBER('נתונים והנחות'!$H$40),'נתונים והנחות'!$H$40*0.1,0) | K111: =IF(ISNUMBER('נתונים והנחות'!$H$40),'נתונים והנחות'!$H$40*0.1,0) | L111: =IF(ISNUMBER('נתונים והנחות'!$H$40),'נתונים והנחות'!$H$40*0.1,0) | M111: =IF(ISNUMBER('נתונים והנחות'!$H$40),'נתונים והנחות'!$H$40*0.1,0) | N111: =IF(ISNUMBER('נתונים והנחות'!$H$40),'נתונים והנחות'!$H$40*0.1,0) | ... P111: =IF(ISNUMBER('נתונים והנחות'!$H$40),'נתונים והנחות'!$H$40*0.1,0) | Q111: =0 | R111: =0 | S111: =0 | T111: =0 | U111: =0 | V111: =0 | W111: =0 | X111: =0 | ... Z111: =0
B112: מגן מס סטנדרטי — צ'ילרים — 100 RT | C112: ₪ | D112: חישוב | F112: 0 | G112: =G111*'נתונים והנחות'!$F$10 | H112: =H111*'נתונים והנחות'!$F$10 | I112: =I111*'נתונים והנחות'!$F$10 | J112: =J111*'נתונים והנחות'!$F$10 | K112: =K111*'נתונים והנחות'!$F$10 | L112: =L111*'נתונים והנחות'!$F$10 | M112: =M111*'נתונים והנחות'!$F$10 | N112: =N111*'נתונים והנחות'!$F$10 | ... Z112: =Z111*'נתונים והנחות'!$F$10
B113: פחת מואץ — צ'ילרים — 100 RT | C113: ₪ | D113: חישוב | F113: 0 | G113: =IF(ISNUMBER('נתונים והנחות'!$H$40),IF(1<=ROUND(1/(0.1*'נתונים והנחות'!$F$20),0),'נתונים והנחות'!$H$40*0.1*'נתונים והנחות'!$F$20,0),0) | H113: =IF(ISNUMBER('נתונים והנחות'!$H$40),IF(2<=ROUND(1/(0.1*'נתונים והנחות'!$F$20),0),'נתונים והנחות'!$H$40*0.1*'נתונים והנחות'!$F$20,0),0) | I113: =IF(ISNUMBER('נתונים והנחות'!$H$40),IF(3<=ROUND(1/(0.1*'נתונים והנחות'!$F$20),0),'נתונים והנחות'!$H$40*0.1*'נתונים והנחות'!$F$20,0),0) | J113: =IF(ISNUMBER('נתונים והנחות'!$H$40),IF(4<=ROUND(1/(0.1*'נתונים והנחות'!$F$20),0),'נתונים והנחות'!$H$40*0.1*'נתונים והנחות'!$F$20,0),0) | K113: =IF(ISNUMBER('נתונים והנחות'!$H$40),IF(5<=ROUND(1/(0.1*'נתונים והנחות'!$F$20),0),'נתונים והנחות'!$H$40*0.1*'נתונים והנחות'!$F$20,0),0) | L113: =IF(ISNUMBER('נתונים והנחות'!$H$40),IF(6<=ROUND(1/(0.1*'נתונים והנחות'!$F$20),0),'נתונים והנחות'!$H$40*0.1*'נתונים והנחות'!$F$20,0),0) | M113: =IF(ISNUMBER('נתונים והנחות'!$H$40),IF(7<=ROUND(1/(0.1*'נתונים והנחות'!$F$20),0),'נתונים והנחות'!$H$40*0.1*'נתונים והנחות'!$F$20,0),0) | N113: =IF(ISNUMBER('נתונים והנחות'!$H$40),IF(8<=ROUND(1/(0.1*'נתונים והנחות'!$F$20),0),'נתונים והנחות'!$H$40*0.1*'נתונים והנחות'!$F$20,0),0) | O113: =IF(ISNUMBER('נתונים והנחות'!$H$40),IF(9<=ROUND(1/(0.1*'נתונים והנחות'!$F$20),0),'נתונים והנחות'!$H$40*0.1*'נתונים והנחות'!$F$20,0),0) | P113: =IF(ISNUMBER('נתונים והנחות'!$H$40),IF(10<=ROUND(1/(0.1*'נתונים והנחות'!$F$20),0),'נתונים והנחות'!$H$40*0.1*'נתונים והנחות'!$F$20,0),0) | Q113: =IF(ISNUMBER('נתונים והנחות'!$H$40),IF(11<=ROUND(1/(0.1*'נתונים והנחות'!$F$20),0),'נתונים והנחות'!$H$40*0.1*'נתונים והנחות'!$F$20,0),0) | R113: =IF(ISNUMBER('נתונים והנחות'!$H$40),IF(12<=ROUND(1/(0.1*'נתונים והנחות'!$F$20),0),'נתונים והנחות'!$H$40*0.1*'נתונים והנחות'!$F$20,0),0) | S113: =IF(ISNUMBER('נתונים והנחות'!$H$40),IF(13<=ROUND(1/(0.1*'נתונים והנחות'!$F$20),0),'נתונים והנחות'!$H$40*0.1*'נתונים והנחות'!$F$20,0),0) | T113: =IF(ISNUMBER('נתונים והנחות'!$H$40),IF(14<=ROUND(1/(0.1*'נתונים והנחות'!$F$20),0),'נתונים והנחות'!$H$40*0.1*'נתונים והנחות'!$F$20,0),0) | U113: =IF(ISNUMBER('נתונים והנחות'!$H$40),IF(15<=ROUND(1/(0.1*'נתונים והנחות'!$F$20),0),'נתונים והנחות'!$H$40*0.1*'נתונים והנחות'!$F$20,0),0) | V113: =IF(ISNUMBER('נתונים והנחות'!$H$40),IF(16<=ROUND(1/(0.1*'נתונים והנחות'!$F$20),0),'נתונים והנחות'!$H$40*0.1*'נתונים והנחות'!$F$20,0),0) | W113: =IF(ISNUMBER('נתונים והנחות'!$H$40),IF(17<=ROUND(1/(0.1*'נתונים והנחות'!$F$20),0),'נתונים והנחות'!$H$40*0.1*'נתונים והנחות'!$F$20,0),0) | X113: =IF(ISNUMBER('נתונים והנחות'!$H$40),IF(18<=ROUND(1/(0.1*'נתונים והנחות'!$F$20),0),'נתונים והנחות'!$H$40*0.1*'נתונים והנחות'!$F$20,0),0) | Y113: =IF(ISNUMBER('נתונים והנחות'!$H$40),IF(19<=ROUND(1/(0.1*'נתונים והנחות'!$F$20),0),'נתונים והנחות'!$H$40*0.1*'נתונים והנחות'!$F$20,0),0) | Z113: =IF(ISNUMBER('נתונים והנחות'!$H$40),IF(20<=ROUND(1/(0.1*'נתונים והנחות'!$F$20),0),'נתונים והנחות'!$H$40*0.1*'נתונים והנחות'!$F$20,0),0)
B114: מגן מס מואץ — צ'ילרים — 100 RT | C114: ₪ | D114: חישוב | F114: 0 | G114: =G113*'נתונים והנחות'!$F$10 | H114: =H113*'נתונים והנחות'!$F$10 | I114: =I113*'נתונים והנחות'!$F$10 | J114: =J113*'נתונים והנחות'!$F$10 | K114: =K113*'נתונים והנחות'!$F$10 | L114: =L113*'נתונים והנחות'!$F$10 | M114: =M113*'נתונים והנחות'!$F$10 | N114: =N113*'נתונים והנחות'!$F$10 | ... Z114: =Z113*'נתונים והנחות'!$F$10
B116: ג. ניתוח תזרים מזומנים — שלושה תרחישים
B117: פרמטר | C117: יחידות | D117: מקור | E117: הערות | F117: שנה 0 (השקעה) | G117: שנה 1 | H117: שנה 2 | I117: שנה 3 | J117: שנה 4 | K117: שנה 5 | L117: שנה 6 | M117: שנה 7 | N117: שנה 8 | O117: שנה 9 | P117: שנה 10 | Q117: שנה 11 | R117: שנה 12 | S117: שנה 13 | T117: שנה 14 | U117: שנה 15 | V117: שנה 16 | W117: שנה 17 | X117: שנה 18 | Y117: שנה 19 | Z117: שנה 20
B118: תרחיש A — רכישת מערכת קירור קונבנציונלית — 100 RT (ציוד קיים)
B119: השקעה ראשונית | C119: ₪ | D119: חישוב | F119: =IF(ISNUMBER('נתונים והנחות'!$H$39),-'נתונים והנחות'!$H$39,"PENDING")
B120: OPEX אנרגיה/דלק | C120: ₪ | D120: חישוב | F120: 0 | G120: =IF(ISNUMBER('נתונים והנחות'!$H$47),-'נתונים והנחות'!$H$47,0) | H120: =IF(ISNUMBER('נתונים והנחות'!$H$47),-'נתונים והנחות'!$H$47,0) | I120: =IF(ISNUMBER('נתונים והנחות'!$H$47),-'נתונים והנחות'!$H$47,0) | J120: =IF(ISNUMBER('נתונים והנחות'!$H$47),-'נתונים והנחות'!$H$47,0) | K120: =IF(ISNUMBER('נתונים והנחות'!$H$47),-'נתונים והנחות'!$H$47,0) | L120: =IF(ISNUMBER('נתונים והנחות'!$H$47),-'נתונים והנחות'!$H$47,0) | M120: =IF(ISNUMBER('נתונים והנחות'!$H$47),-'נתונים והנחות'!$H$47,0) | N120: =IF(ISNUMBER('נתונים והנחות'!$H$47),-'נתונים והנחות'!$H$47,0) | ... U120: =IF(ISNUMBER('נתונים והנחות'!$H$47),-'נתונים והנחות'!$H$47,0) | V120: =0 | W120: =0 | X120: =0 | Y120: =0 | Z120: =0
B121: OPEX אחר | C121: ₪ | D121: חישוב | F121: 0 | G121: =IF(ISNUMBER('נתונים והנחות'!$H$45),-'נתונים והנחות'!$H$45,0) | H121: =IF(ISNUMBER('נתונים והנחות'!$H$45),-'נתונים והנחות'!$H$45,0) | I121: =IF(ISNUMBER('נתונים והנחות'!$H$45),-'נתונים והנחות'!$H$45,0) | J121: =IF(ISNUMBER('נתונים והנחות'!$H$45),-'נתונים והנחות'!$H$45,0) | K121: =IF(ISNUMBER('נתונים והנחות'!$H$45),-'נתונים והנחות'!$H$45,0) | L121: =IF(ISNUMBER('נתונים והנחות'!$H$45),-'נתונים והנחות'!$H$45,0) | M121: =IF(ISNUMBER('נתונים והנחות'!$H$45),-'נתונים והנחות'!$H$45,0) | N121: =IF(ISNUMBER('נתונים והנחות'!$H$45),-'נתונים והנחות'!$H$45,0) | ... U121: =IF(ISNUMBER('נתונים והנחות'!$H$45),-'נתונים והנחות'!$H$45,0) | V121: =0 | W121: =0 | X121: =0 | Y121: =0 | Z121: =0
...
