Workbook

Sheet נתונים והנחות
B1: מקרא צבעים
B2: ערך להזנה / ממתין לנתונים
B3: נתון לעדכון / בקרה
B4: נתון ממקור אמיתי
B5: נתון מוערך/נגזר (עם מקור)
B9: 1. פרמטרים פיננסיים
B10: שיעור מס חברות | C10: % | D10: רשות המסים | F10: 0.23
B11: שיעור היוון (יזמי / פרטי) | C11: % | D11: סוכם עם דניאל | F11: 0.06
B12: מחיר חשמל ממוצע לתעשייה | C12: אג'/קוט"ש | D12: חברת החשמל - מחירי התעו"ז במתח גבוה | E12: ממוצע משוקלל לפי שעות תעו"ז; בתוקף מ-01.07.2026 | F12: =F71
B13: 1ב. מחירי דלקים ומקדמי המרה (הקשר בלבד -- לא בשימוש בחישוב הפעיל; הבסיס למשאבות חום הוא כעת חשמלי, ראו סעיף 4)
B14: מחיר סולר בתעשייה (בתוספת מרווח שיווק) | C14: ₪/ליטר | D14: משרד האנרגיה — מחירים תיאורטיים 2024 | F14: 2.59368
B15: מחיר מזוט בתעשייה (בתוספת מרווח שיווק) | C15: ₪/טון | D15: משרד האנרגיה — מחירים תיאורטיים 2024 | F15: 2344.72
B16: יחס קלורי — סולר | C16: טון דלק/MWh | D16: MRV | F16: 0.085
B17: יחס קלורי — מזוט | C17: טון דלק/MWh | D17: MRV | F17: 0.088
B18: צפיפות סולר | C18: ק"ג/ליטר | D18: MRV | F18: 0.82
B19: 2. פרמטר תמריץ — מכפיל פחת (פחת מואץ)
B20: מכפיל שיעור הפחת ← פרמטר המדיניות המרכזי | C20: מכפיל | E20: 1.0 = ללא תמריץ | 2.0 = כפול, 5 שנים | 5.0 = 2 שנים | F20: 2
B21: סף החזר השקעה (שנים) — קריטריון אימוץ | C21: שנים | D21: פרמטר ניתן לשינוי | E21: סף אימוץ עסקי — תקופת החזר על תזרים מהוון עודף (יעיל מול בסיסי) | F21: 3
B22: 3. שיעורי פחת סטנדרטיים — תקנות מס הכנסה
B23: משאבות חום | C23: % לשנה | D23: תקנות פחת — ציוד מכני | F23: 0.1
B24: צ'ילרים | C24: % לשנה | D24: תקנות פחת — ציוד מכני | F24: 0.1
B25: מדחסי VSD | C25: % לשנה | D25: תקנות פחת — ציוד מכני | F25: 0.1
B26: 4. הנחות לפי טכנולוגיה — נקודת קיבולת אחת ממוצעת לכל טכנולוגיה (עודכן 2026-08-12, ראו decisions/log.md)
B27: פרמטר | C27: יחידות | D27: מקור | E27: הערות | F27: משאבות חום — 55 kW | G27: צ'ילרים — 300 RT | H27: מדחסי VSD — 97.5 kW
F28: vs. משאבת חום סטנדרטית — 55 kW | G28: vs. מערכת קירור קונבנציונלית — 300 RT | H28: vs. מדחס מהירות קבועה — 97.5 kW
B29: קיבולת מותקנת (ממוצע משתי נקודות הקיבולת הקודמות) | C29: kW / RT | D29: 2026-08-12-morning-model-fixes.md | F29: 55 | G29: 300 | H29: 97.5
B30: שעות פעילות שנתיות | C30: שעות/שנה | D30: ראו הערות לפי טכנולוגיה | E30: משאבות חום: 5,475 (רפי) | צ'ילרים: 3,000 (מספר עבודה) | VSD: 5,000 (רפי) | F30: 5475 | G30: 3000 | H30: 5000
B31: COP — משאבת חום (יעיל) | C31: יחס | D31: Sprsun — ממוצע 2 המוצרים | E31: משאבות חום בלבד | F31: 3.68
B32: COP — משאבת חום (בסיסי, תקן מינימלי) | C32: יחס | D32: DOE FEMP / ASHRAE 90.1-2019 | E32: משאבות חום בלבד — עודכן 2026-08-12, הבסיס כעת משאבת חום סטנדרטית, לא תנור | F32: 3.3
B34: יעילות אנרגטית — בסיסי | C34: kW/ton | kW/100cfm | D34: צ'ילר: ASHRAE 90.1 | VSD: CAGI | E34: צ'ילרים/VSD בלבד | G34: 0.775 | H34: 21.5
B35: יעילות אנרגטית — יעיל | C35: kW/ton | kW/100cfm | D35: צ'ילר: DOE FEMP | VSD: CAGI | E35: צ'ילרים/VSD בלבד | G35: 0.64 | H35: 16.5
B36: חיסכון אנרגטי (מחושב) | C36: % מצריכה | D36: חישוב | E36: כל הטכנולוגיות | F36: =IF(AND(ISNUMBER(F32),ISNUMBER(F31)),(F31-F32)/F31,"PENDING") | G36: =IF(AND(ISNUMBER(G34),ISNUMBER(G35)),(G34-G35)/G34,"PENDING") | H36: =IF(AND(ISNUMBER(H34),ISNUMBER(H35)),(H34-H35)/H34,"PENDING")
B37: צריכת חשמל שנתית — בסיסי | C37: קוט"ש/שנה | D37: חישוב | E37: הצד הבסיסי כעת תמיד חשמלי | F37: =IF(AND(ISNUMBER(F29),ISNUMBER(F30),ISNUMBER(F32)),F29*F30/F32,"PENDING") | G37: =IF(AND(ISNUMBER(G29),ISNUMBER(G30),ISNUMBER(G34)),G29*G34*G30,"PENDING") | H37: =IF(AND(ISNUMBER(H29),ISNUMBER(H30)),H29*H30,"PENDING")
B38: צריכת חשמל שנתית — יעיל | C38: קוט"ש/שנה | D38: חישוב | E38: הצד היעיל תמיד חשמלי | F38: =IF(AND(ISNUMBER(F29),ISNUMBER(F30),ISNUMBER(F31)),F29*F30/F31,"PENDING") | G38: =IF(AND(ISNUMBER(G37),ISNUMBER(G36)),G37*(1-G36),"PENDING") | H38: =IF(AND(ISNUMBER(H37),ISNUMBER(H36)),H37*(1-H36),"PENDING")
B40: CapEx — ציוד בסיסי | C40: ₪ | D40: ראו הערות לפי טכנולוגיה | E40: צ'ילר: יעיל ÷ 1.175 (פרמיית יעילות 10-25%) | VSD: יעיל ÷ 1.225 (פרמיית VSD 15-30%) | משאבות חום: יעיל ÷ 1.20 (פרמיה מוערכת 15-25%, נגזרת באנלוגיה לצ'ילר/VSD -- אינה מקור ייעודי למשאבות חום, ממתינה לאישור/מספר טוב יותר מרפי) | F40: 48125 | G40: 1068600 | H40: 119340
B41: CapEx — ציוד יעיל | C41: ₪ | D41: ראו הערות לפי טכנולוגיה | E41: משאבות חום: מענקים ₪1,050/kW | צ'ילר: מענקים חציון ₪4,186/טון | VSD: מענקים חציון ₪1,500/kW (כל השיעורים כבר היו קבועים על פני שתי נקודות הקיבולת הקודמות — לא השתנו בקונסולידציה) | F41: 57750 | G41: 1255800 | H41: 146250
B42: ΔCapEx = יעיל − בסיסי | C42: ₪ | D42: חישוב | F42: =IF(ISNUMBER(F41)*ISNUMBER(F40),F41-F40,"PENDING") | G42: =IF(ISNUMBER(G41)*ISNUMBER(G40),G41-G40,"PENDING") | H42: =IF(ISNUMBER(H41)*ISNUMBER(H40),H41-H40,"PENDING")
B43: אורך חיים — ציוד בסיסי | C43: שנים | D43: ממצאי הנדסה / הנחת עבודה | F43: 15 | G43: 15 | H43: 12
B44: אורך חיים — ציוד יעיל | C44: שנים | D44: ממצאי הנדסה / הנחת עבודה | F44: 10 | G44: 17 | H44: 12
B45: גורם שחיקת ביצועים | C45: %/שנה | D45: רפי | F45: 0.005 | G45: 0.005 | H45: 0
B46: OPEX אנרגיה שנה 1 — בסיסי | C46: ₪/שנה | D46: חישוב | F46: =IF(ISNUMBER(F37),F37*'נתונים והנחות'!$F$12/100,"PENDING") | G46: =IF(ISNUMBER(G37),G37*'נתונים והנחות'!$F$12/100,"PENDING") | H46: =IF(ISNUMBER(H37),H37*'נתונים והנחות'!$F$12/100,"PENDING")
B47: OPEX אנרגיה שנה 1 — יעיל | C47: ₪/שנה | D47: חישוב | F47: =IF(ISNUMBER(F38),F38*'נתונים והנחות'!$F$12/100,"PENDING") | G47: =IF(ISNUMBER(G38),G38*'נתונים והנחות'!$F$12/100,"PENDING") | H47: =IF(ISNUMBER(H38),H38*'נתונים והנחות'!$F$12/100,"PENDING")
B48: 5. מתודולוגיה — גזירות והבהרות
B49: • קונסולידציה לנקודת קיבולת אחת (2026-08-12) — כל טכנולוגיה עברה משתי נקודות קיבולת לנקודה ממוצעת אחת (ממוצע חשבוני פשוט, ללא משקלול). שיעורים שכבר היו קבועים על פני שתי הנקודות (CapEx ל-₪/ton או ₪/kW, שעות פעילות, הספק הסגולי של VSD) נשארו כפי שהם; רק ערך הקיבולת עצמו וכל מדד יעילות שכן היה תלוי-קיבולת (kW/ton של צ'ילר, COP של משאבת חום) מוצעו. תופעת לוואי מקובלת: זה מטשטש את ההבדל האמיתי בין מדחס בוכני למרכזי בצ'ילרים בין שתי נקודות הקיבולת הישנות. ראו decisions/log.md 2026-08-12.
B50: • בסיס משאבות חום שונה ממנוע בעירה (תנור מזוט/סולר) למשאבת חום סטנדרטית (2026-08-05, אושר ע"י דניאל) — אותו מבנה כמו צ'ילרים (בסיסי מול יעיל של אותה טכנולוגיה), לא השוואת מעבר דלק. COP בסיסי = 3.3 (מינימום תקן DOE FEMP / ASHRAE 90.1-2019 ל-47°F). נתוני הדלק/הבעירה בסעיף 1ב נשארים כהקשר בלבד, אינם מוזנים עוד לחישוב הפעיל.
B51: • CapEx צ'ילר בסיסי — נגזר מהיעיל: נתוני המענקים כוללים רק את הציוד היעיל שמומן, ולכן אין מחיר לציוד בסיסי. הבסיסי נאמד כ- ₪4,186 ÷ 1.175 = ₪3,562/טון, לפי פרמיית יעילות של 10-25% (DOE FEMP + מקורות שוק, אמצע 17.5%). הערכה, לא ציטוט ישיר.
B52: • CapEx VSD בסיסי — נגזר בדומה: ₪1,500 ÷ 1.225 = ₪1,224/kW, לפי פרמיית VSD מול מהירות קבועה של 15-30% (אמצע 22.5%).
B53: • CapEx משאבת חום בסיסי — נגזר באנלוגיה לצ'ילר/VSD (2026-08-12): ₪1,050 ÷ 1.20 = ₪875/kW, לפי פרמיית יעילות מוערכת 15-25% (אמצע 20%). זו אנלוגיה מטכנולוגיה אחרת, לא מקור ייעודי למשאבות חום — סומן מוערך/נגזר, לא מקור אמיתי. ממתין למספר טוב יותר מרפי/דניאל.
B54: • OPEX אחר (תחזוקה) — נתוני רפי: ההפרש מוגדר 0 לכל שלוש הטכנולוגיות (צ'ילר יעיל=רגיל, VSD יעיל=רגיל, משאבת חום זולה יותר מתנור/יעיל). מוזן ישירות כ-0 בגיליון הניתוח, לא כתא נפרד כאן — התא הישן שאליו הפנו הנוסחאות בגיליון הניתוח נמחק בעבר וגרם ל-#REF!, תוקן 2026-08-12.
B55: • שחיקת ביצועים — רפי: 0.5%/שנה למשאבות חום וצ'ילרים, 0% למדחסי VSD בורגיים (נצילות נשארת קבועה עד תקלה). הכיוון בנוסחה תוקן 2026-08-12: העלות עולה עם השחיקה (1+שיעור)^שנה, לא יורדת.
B56: • תקופת החזר השקעה — מחושבת על תזרים מזומנים מהוון עודף (תרחיש יעיל מול בסיסי), עם אינטרפולציה לינארית לשנה חלקית. סף האימוץ (F21, ברירת מחדל 3 שנים) משקף משוכות אישור השקעה קצרות־טווח כפי שפירמות מפעילות בפועל, ולא את תקן ה-NPV ל-20 שנה.
B57: • פחת מואץ — לוח הפחת מחולק כך שסך הפחת המואץ תמיד שווה בדיוק ל-100% מה-CapEx: השנה האחרונה בטווח סופגת את שארית העיגול, במקום שכל שנה תקבל חלק שטוח זהה (עלול היה לסכם ל-90%-105% בהתאם למכפיל). תוקן 2026-08-12.
B59: חישוב תעריף חשמל ממוצע — תעו"ז מתח גבוה (כלל צרכנות חח"י)
B60: לוח תעריפים: נספח ה' — לוחות תעריפים החל מיום ה-1.1.2026, לוח 5.2-1 "תעו"ז לפי רמות מתח", רשות החשמל
B62: עונה | C62: מש"ב | D62: תעריף (אג' לקוט"ש) | E62: ימים בעונה | F62: שעות פסגה ליום רלוונטי | G62: מכפל ימים בשבוע | H62: סה"כ שעות בשנה
B63: חורף (דצמבר–פברואר) | C63: שפל | D63: 35.08 | E63: 90 | H63: =E63*24-H64
B64: חורף (דצמבר–פברואר) | C64: פסגה | D64: 101.21 | E64: =E63 | F64: 5 | G64: =5/7 | H64: =E64*G64*F64
B65: מעבר (מרץ–יוני, אוקטובר–נובמבר) | C65: שפל | D65: 34.26 | E65: 183 | H65: =E65*24-H66
B66: מעבר (מרץ–יוני, אוקטובר–נובמבר) | C66: פסגה | D66: 37.96 | E66: =E65 | F66: 5 | G66: =5/7 | H66: =E66*G66*F66
B67: קיץ (יולי–ספטמבר) | C67: שפל | D67: 38.77 | E67: 92 | H67: =E67*24-H68
B68: קיץ (יולי–ספטמבר) | C68: פסגה | D68: 157.09 | E68: =E67 | F68: 6 | G68: =5/7 | H68: =E68*G68*F68
B69: סה"כ שעות בשנה | H69: =SUM(H63:H68)
B71: תעריף ממוצע משוקלל לפי שעות | C71: אג' לקוט"ש | D71: מחושב: SUMPRODUCT(תעריף × שעות) / סה"כ שעות | F71: =SUMPRODUCT(D63:D68,H63:H68)/H69

Sheet ניתוח
B1: מקרא צבעים
B2: ערך להזנה / ממתין לנתונים
B3: נתון לעדכון / בקרה
B4: נתון ממקור אמיתי
B5: נתון מוערך/נגזר (עם מקור)
B9: ניתוח כלכלי — פחת מואץ לפי טכנולוגיה | נקודת קיבולת ממוצעת אחת לטכנולוגיה
B11: 1. פרמטרים פיננסיים
B12: שיעור מס חברות | C12: % | D12: נתונים והנחות | F12: ='נתונים והנחות'!$F$10
B13: שיעור היוון | C13: % | D13: נתונים והנחות | F13: ='נתונים והנחות'!$F$11
B14: מחיר חשמל (₪/קוט"ש) | C14: ₪/קוט"ש | D14: נתונים והנחות | F14: ='נתונים והנחות'!$F$12/100
B16: 2. פרמטר תמריץ — מכפיל פחת
B17: מכפיל שיעור הפחת ← שנה ב'נתונים והנחות'!F20 | F17: ='נתונים והנחות'!$F$20
B19: 3. ניתוחים לפי טכנולוגיה
B21: 3.1 משאבות חום — 55 kW
B22: * מול משאבת חום סטנדרטית — 55 kW | נתונים: גיליון 'נתונים והנחות' סעיף 4
B23: ב. לוחות פחת (ציוד בסיסי vs. יעיל)
B24: פרמטר | C24: יחידות | D24: מקור | E24: הערות | F24: שנה 0 (השקעה) | G24: שנה 1 | H24: שנה 2 | I24: שנה 3 | J24: שנה 4 | K24: שנה 5 | L24: שנה 6 | M24: שנה 7 | N24: שנה 8 | O24: שנה 9 | P24: שנה 10 | Q24: שנה 11 | R24: שנה 12 | S24: שנה 13 | T24: שנה 14 | U24: שנה 15 | V24: שנה 16 | W24: שנה 17 | X24: שנה 18 | Y24: שנה 19 | Z24: שנה 20
B25: פחת סטנדרטי — משאבת חום סטנדרטית — 55 kW | C25: ₪ | D25: חישוב | F25: 0 | G25: =IF(ISNUMBER('נתונים והנחות'!$F$40),'נתונים והנחות'!$F$40*0.1,0) | H25: =IF(ISNUMBER('נתונים והנחות'!$F$40),'נתונים והנחות'!$F$40*0.1,0) | I25: =IF(ISNUMBER('נתונים והנחות'!$F$40),'נתונים והנחות'!$F$40*0.1,0) | J25: =IF(ISNUMBER('נתונים והנחות'!$F$40),'נתונים והנחות'!$F$40*0.1,0) | K25: =IF(ISNUMBER('נתונים והנחות'!$F$40),'נתונים והנחות'!$F$40*0.1,0) | L25: =IF(ISNUMBER('נתונים והנחות'!$F$40),'נתונים והנחות'!$F$40*0.1,0) | M25: =IF(ISNUMBER('נתונים והנחות'!$F$40),'נתונים והנחות'!$F$40*0.1,0) | N25: =IF(ISNUMBER('נתונים והנחות'!$F$40),'נתונים והנחות'!$F$40*0.1,0) | ... P25: =IF(ISNUMBER('נתונים והנחות'!$F$40),'נתונים והנחות'!$F$40*0.1,0) | Q25: =0 | R25: =0 | S25: =0 | T25: =0 | U25: =0 | V25: =0 | W25: =0 | X25: =0 | ... Z25: =0
B26: מגן מס — משאבת חום סטנדרטית — 55 kW | C26: ₪ | D26: חישוב | F26: 0 | G26: =G25*'נתונים והנחות'!$F$10 | H26: =H25*'נתונים והנחות'!$F$10 | I26: =I25*'נתונים והנחות'!$F$10 | J26: =J25*'נתונים והנחות'!$F$10 | K26: =K25*'נתונים והנחות'!$F$10 | L26: =L25*'נתונים והנחות'!$F$10 | M26: =M25*'נתונים והנחות'!$F$10 | N26: =N25*'נתונים והנחות'!$F$10 | ... Z26: =Z25*'נתונים והנחות'!$F$10
B27: פחת סטנדרטי — משאבות חום — 55 kW | C27: ₪ | D27: חישוב | F27: 0 | G27: =IF(ISNUMBER('נתונים והנחות'!$F$41),'נתונים והנחות'!$F$41*0.1,0) | H27: =IF(ISNUMBER('נתונים והנחות'!$F$41),'נתונים והנחות'!$F$41*0.1,0) | I27: =IF(ISNUMBER('נתונים והנחות'!$F$41),'נתונים והנחות'!$F$41*0.1,0) | J27: =IF(ISNUMBER('נתונים והנחות'!$F$41),'נתונים והנחות'!$F$41*0.1,0) | K27: =IF(ISNUMBER('נתונים והנחות'!$F$41),'נתונים והנחות'!$F$41*0.1,0) | L27: =IF(ISNUMBER('נתונים והנחות'!$F$41),'נתונים והנחות'!$F$41*0.1,0) | M27: =IF(ISNUMBER('נתונים והנחות'!$F$41),'נתונים והנחות'!$F$41*0.1,0) | N27: =IF(ISNUMBER('נתונים והנחות'!$F$41),'נתונים והנחות'!$F$41*0.1,0) | ... P27: =IF(ISNUMBER('נתונים והנחות'!$F$41),'נתונים והנחות'!$F$41*0.1,0) | Q27: =0 | R27: =0 | S27: =0 | T27: =0 | U27: =0 | V27: =0 | W27: =0 | X27: =0 | ... Z27: =0
B28: מגן מס סטנדרטי — משאבות חום — 55 kW | C28: ₪ | D28: חישוב | F28: 0 | G28: =G27*'נתונים והנחות'!$F$10 | H28: =H27*'נתונים והנחות'!$F$10 | I28: =I27*'נתונים והנחות'!$F$10 | J28: =J27*'נתונים והנחות'!$F$10 | K28: =K27*'נתונים והנחות'!$F$10 | L28: =L27*'נתונים והנחות'!$F$10 | M28: =M27*'נתונים והנחות'!$F$10 | N28: =N27*'נתונים והנחות'!$F$10 | ... Z28: =Z27*'נתונים והנחות'!$F$10
B29: פחת מואץ — משאבות חום — 55 kW | C29: ₪ | D29: חישוב | F29: 0 | G29: =IF(ISNUMBER('נתונים והנחות'!$F$41),IF(1<ROUND(1/(0.1*'נתונים והנחות'!$F$20),0),'נתונים והנחות'!$F$41*0.1*'נתונים והנחות'!$F$20,IF(1=ROUND(1/(0.1*'נתונים והנחות'!$F$20),0),'נתונים והנחות'!$F$41-('נתונים והנחות'!$F$41*0.1*'נתונים והנחות'!$F$20)*(ROUND(1/(0.1*'נתונים והנחות'!$F$20),0)-1),0)),0) | H29: =IF(ISNUMBER('נתונים והנחות'!$F$41),IF(2<ROUND(1/(0.1*'נתונים והנחות'!$F$20),0),'נתונים והנחות'!$F$41*0.1*'נתונים והנחות'!$F$20,IF(2=ROUND(1/(0.1*'נתונים והנחות'!$F$20),0),'נתונים והנחות'!$F$41-('נתונים והנחות'!$F$41*0.1*'נתונים והנחות'!$F$20)*(ROUND(1/(0.1*'נתונים והנחות'!$F$20),0)-1),0)),0) | I29: =IF(ISNUMBER('נתונים והנחות'!$F$41),IF(3<ROUND(1/(0.1*'נתונים והנחות'!$F$20),0),'נתונים והנחות'!$F$41*0.1*'נתונים והנחות'!$F$20,IF(3=ROUND(1/(0.1*'נתונים והנחות'!$F$20),0),'נתונים והנחות'!$F$41-('נתונים והנחות'!$F$41*0.1*'נתונים והנחות'!$F$20)*(ROUND(1/(0.1*'נתונים והנחות'!$F$20),0)-1),0)),0) | J29: =IF(ISNUMBER('נתונים והנחות'!$F$41),IF(4<ROUND(1/(0.1*'נתונים והנחות'!$F$20),0),'נתונים והנחות'!$F$41*0.1*'נתונים והנחות'!$F$20,IF(4=ROUND(1/(0.1*'נתונים והנחות'!$F$20),0),'נתונים והנחות'!$F$41-('נתונים והנחות'!$F$41*0.1*'נתונים והנחות'!$F$20)*(ROUND(1/(0.1*'נתונים והנחות'!$F$20),0)-1),0)),0) | K29: =IF(ISNUMBER('נתונים והנחות'!$F$41),IF(5<ROUND(1/(0.1*'נתונים והנחות'!$F$20),0),'נתונים והנחות'!$F$41*0.1*'נתונים והנחות'!$F$20,IF(5=ROUND(1/(0.1*'נתונים והנחות'!$F$20),0),'נתונים והנחות'!$F$41-('נתונים והנחות'!$F$41*0.1*'נתונים והנחות'!$F$20)*(ROUND(1/(0.1*'נתונים והנחות'!$F$20),0)-1),0)),0) | L29: =IF(ISNUMBER('נתונים והנחות'!$F$41),IF(6<ROUND(1/(0.1*'נתונים והנחות'!$F$20),0),'נתונים והנחות'!$F$41*0.1*'נתונים והנחות'!$F$20,IF(6=ROUND(1/(0.1*'נתונים והנחות'!$F$20),0),'נתונים והנחות'!$F$41-('נתונים והנחות'!$F$41*0.1*'נתונים והנחות'!$F$20)*(ROUND(1/(0.1*'נתונים והנחות'!$F$20),0)-1),0)),0) | M29: =IF(ISNUMBER('נתונים והנחות'!$F$41),IF(7<ROUND(1/(0.1*'נתונים והנחות'!$F$20),0),'נתונים והנחות'!$F$41*0.1*'נתונים והנחות'!$F$20,IF(7=ROUND(1/(0.1*'נתונים והנחות'!$F$20),0),'נתונים והנחות'!$F$41-('נתונים והנחות'!$F$41*0.1*'נתונים והנחות'!$F$20)*(ROUND(1/(0.1*'נתונים והנחות'!$F$20),0)-1),0)),0) | N29: =IF(ISNUMBER('נתונים והנחות'!$F$41),IF(8<ROUND(1/(0.1*'נתונים והנחות'!$F$20),0),'נתונים והנחות'!$F$41*0.1*'נתונים והנחות'!$F$20,IF(8=ROUND(1/(0.1*'נתונים והנחות'!$F$20),0),'נתונים והנחות'!$F$41-('נתונים והנחות'!$F$41*0.1*'נתונים והנחות'!$F$20)*(ROUND(1/(0.1*'נתונים והנחות'!$F$20),0)-1),0)),0) | O29: =IF(ISNUMBER('נתונים והנחות'!$F$41),IF(9<ROUND(1/(0.1*'נתונים והנחות'!$F$20),0),'נתונים והנחות'!$F$41*0.1*'נתונים והנחות'!$F$20,IF(9=ROUND(1/(0.1*'נתונים והנחות'!$F$20),0),'נתונים והנחות'!$F$41-('נתונים והנחות'!$F$41*0.1*'נתונים והנחות'!$F$20)*(ROUND(1/(0.1*'נתונים והנחות'!$F$20),0)-1),0)),0) | P29: =IF(ISNUMBER('נתונים והנחות'!$F$41),IF(10<ROUND(1/(0.1*'נתונים והנחות'!$F$20),0),'נתונים והנחות'!$F$41*0.1*'נתונים והנחות'!$F$20,IF(10=ROUND(1/(0.1*'נתונים והנחות'!$F$20),0),'נתונים והנחות'!$F$41-('נתונים והנחות'!$F$41*0.1*'נתונים והנחות'!$F$20)*(ROUND(1/(0.1*'נתונים והנחות'!$F$20),0)-1),0)),0) | Q29: =IF(ISNUMBER('נתונים והנחות'!$F$41),IF(11<ROUND(1/(0.1*'נתונים והנחות'!$F$20),0),'נתונים והנחות'!$F$41*0.1*'נתונים והנחות'!$F$20,IF(11=ROUND(1/(0.1*'נתונים והנחות'!$F$20),0),'נתונים והנחות'!$F$41-('נתונים והנחות'!$F$41*0.1*'נתונים והנחות'!$F$20)*(ROUND(1/(0.1*'נתונים והנחות'!$F$20),0)-1),0)),0) | R29: =IF(ISNUMBER('נתונים והנחות'!$F$41),IF(12<ROUND(1/(0.1*'נתונים והנחות'!$F$20),0),'נתונים והנחות'!$F$41*0.1*'נתונים והנחות'!$F$20,IF(12=ROUND(1/(0.1*'נתונים והנחות'!$F$20),0),'נתונים והנחות'!$F$41-('נתונים והנחות'!$F$41*0.1*'נתונים והנחות'!$F$20)*(ROUND(1/(0.1*'נתונים והנחות'!$F$20),0)-1),0)),0) | S29: =IF(ISNUMBER('נתונים והנחות'!$F$41),IF(13<ROUND(1/(0.1*'נתונים והנחות'!$F$20),0),'נתונים והנחות'!$F$41*0.1*'נתונים והנחות'!$F$20,IF(13=ROUND(1/(0.1*'נתונים והנחות'!$F$20),0),'נתונים והנחות'!$F$41-('נתונים והנחות'!$F$41*0.1*'נתונים והנחות'!$F$20)*(ROUND(1/(0.1*'נתונים והנחות'!$F$20),0)-1),0)),0) | T29: =IF(ISNUMBER('נתונים והנחות'!$F$41),IF(14<ROUND(1/(0.1*'נתונים והנחות'!$F$20),0),'נתונים והנחות'!$F$41*0.1*'נתונים והנחות'!$F$20,IF(14=ROUND(1/(0.1*'נתונים והנחות'!$F$20),0),'נתונים והנחות'!$F$41-('נתונים והנחות'!$F$41*0.1*'נתונים והנחות'!$F$20)*(ROUND(1/(0.1*'נתונים והנחות'!$F$20),0)-1),0)),0) | U29: =IF(ISNUMBER('נתונים והנחות'!$F$41),IF(15<ROUND(1/(0.1*'נתונים והנחות'!$F$20),0),'נתונים והנחות'!$F$41*0.1*'נתונים והנחות'!$F$20,IF(15=ROUND(1/(0.1*'נתונים והנחות'!$F$20),0),'נתונים והנחות'!$F$41-('נתונים והנחות'!$F$41*0.1*'נתונים והנחות'!$F$20)*(ROUND(1/(0.1*'נתונים והנחות'!$F$20),0)-1),0)),0) | V29: =IF(ISNUMBER('נתונים והנחות'!$F$41),IF(16<ROUND(1/(0.1*'נתונים והנחות'!$F$20),0),'נתונים והנחות'!$F$41*0.1*'נתונים והנחות'!$F$20,IF(16=ROUND(1/(0.1*'נתונים והנחות'!$F$20),0),'נתונים והנחות'!$F$41-('נתונים והנחות'!$F$41*0.1*'נתונים והנחות'!$F$20)*(ROUND(1/(0.1*'נתונים והנחות'!$F$20),0)-1),0)),0) | W29: =IF(ISNUMBER('נתונים והנחות'!$F$41),IF(17<ROUND(1/(0.1*'נתונים והנחות'!$F$20),0),'נתונים והנחות'!$F$41*0.1*'נתונים והנחות'!$F$20,IF(17=ROUND(1/(0.1*'נתונים והנחות'!$F$20),0),'נתונים והנחות'!$F$41-('נתונים והנחות'!$F$41*0.1*'נתונים והנחות'!$F$20)*(ROUND(1/(0.1*'נתונים והנחות'!$F$20),0)-1),0)),0) | X29: =IF(ISNUMBER('נתונים והנחות'!$F$41),IF(18<ROUND(1/(0.1*'נתונים והנחות'!$F$20),0),'נתונים והנחות'!$F$41*0.1*'נתונים והנחות'!$F$20,IF(18=ROUND(1/(0.1*'נתונים והנחות'!$F$20),0),'נתונים והנחות'!$F$41-('נתונים והנחות'!$F$41*0.1*'נתונים והנחות'!$F$20)*(ROUND(1/(0.1*'נתונים והנחות'!$F$20),0)-1),0)),0) | Y29: =IF(ISNUMBER('נתונים והנחות'!$F$41),IF(19<ROUND(1/(0.1*'נתונים והנחות'!$F$20),0),'נתונים והנחות'!$F$41*0.1*'נתונים והנחות'!$F$20,IF(19=ROUND(1/(0.1*'נתונים והנחות'!$F$20),0),'נתונים והנחות'!$F$41-('נתונים והנחות'!$F$41*0.1*'נתונים והנחות'!$F$20)*(ROUND(1/(0.1*'נתונים והנחות'!$F$20),0)-1),0)),0) | Z29: =IF(ISNUMBER('נתונים והנחות'!$F$41),IF(20<ROUND(1/(0.1*'נתונים והנחות'!$F$20),0),'נתונים והנחות'!$F$41*0.1*'נתונים והנחות'!$F$20,IF(20=ROUND(1/(0.1*'נתונים והנחות'!$F$20),0),'נתונים והנחות'!$F$41-('נתונים והנחות'!$F$41*0.1*'נתונים והנחות'!$F$20)*(ROUND(1/(0.1*'נתונים והנחות'!$F$20),0)-1),0)),0)
B30: מגן מס מואץ — משאבות חום — 55 kW | C30: ₪ | D30: חישוב | F30: 0 | G30: =G29*'נתונים והנחות'!$F$10 | H30: =H29*'נתונים והנחות'!$F$10 | I30: =I29*'נתונים והנחות'!$F$10 | J30: =J29*'נתונים והנחות'!$F$10 | K30: =K29*'נתונים והנחות'!$F$10 | L30: =L29*'נתונים והנחות'!$F$10 | M30: =M29*'נתונים והנחות'!$F$10 | N30: =N29*'נתונים והנחות'!$F$10 | ... Z30: =Z29*'נתונים והנחות'!$F$10
B32: ג. ניתוח תזרים מזומנים — שלושה תרחישים
B33: פרמטר | C33: יחידות | D33: מקור | E33: הערות | F33: שנה 0 (השקעה) | G33: שנה 1 | H33: שנה 2 | I33: שנה 3 | J33: שנה 4 | K33: שנה 5 | L33: שנה 6 | M33: שנה 7 | N33: שנה 8 | O33: שנה 9 | P33: שנה 10 | Q33: שנה 11 | R33: שנה 12 | S33: שנה 13 | T33: שנה 14 | U33: שנה 15 | V33: שנה 16 | W33: שנה 17 | X33: שנה 18 | Y33: שנה 19 | Z33: שנה 20
B34: תרחיש A — רכישת משאבת חום סטנדרטית — 55 kW (ציוד קיים)
B35: השקעה ראשונית | C35: ₪ | D35: חישוב | F35: =IF(ISNUMBER('נתונים והנחות'!$F$40),-'נתונים והנחות'!$F$40,"PENDING")
B36: OPEX אנרגיה | C36: ₪ | D36: חישוב | F36: 0 | G36: =IF(ISNUMBER('נתונים והנחות'!$F$46),-'נתונים והנחות'!$F$46,0) | H36: =IF(ISNUMBER('נתונים והנחות'!$F$46),-'נתונים והנחות'!$F$46,0) | I36: =IF(ISNUMBER('נתונים והנחות'!$F$46),-'נתונים והנחות'!$F$46,0) | J36: =IF(ISNUMBER('נתונים והנחות'!$F$46),-'נתונים והנחות'!$F$46,0) | K36: =IF(ISNUMBER('נתונים והנחות'!$F$46),-'נתונים והנחות'!$F$46,0) | L36: =IF(ISNUMBER('נתונים והנחות'!$F$46),-'נתונים והנחות'!$F$46,0) | M36: =IF(ISNUMBER('נתונים והנחות'!$F$46),-'נתונים והנחות'!$F$46,0) | N36: =IF(ISNUMBER('נתונים והנחות'!$F$46),-'נתונים והנחות'!$F$46,0) | ... U36: =IF(ISNUMBER('נתונים והנחות'!$F$46),-'נתונים והנחות'!$F$46,0) | V36: =0 | W36: =0 | X36: =0 | Y36: =0 | Z36: =0
B37: OPEX אחר | C37: ₪ | D37: חישוב | F37: 0 | G37: 0 | H37: 0 | I37: 0 | J37: 0 | K37: 0 | L37: 0 | M37: 0 | N37: 0 | O37: 0 | P37: 0 | Q37: 0 | R37: 0 | S37: 0 | T37: 0 | U37: 0 | V37: 0 | W37: 0 | X37: 0 | Y37: 0 | Z37: 0
B38: תזרים נקי — A | C38: ₪ | D38: חישוב | F38: =F35 | G38: =G36+G37+G26 | H38: =H36+H37+H26 | I38: =I36+I37+I26 | J38: =J36+J37+J26 | K38: =K36+K37+K26 | L38: =L36+L37+L26 | M38: =M36+M37+M26 | N38: =N36+N37+N26 | ... Z38: =Z36+Z37+Z26
B39: תזרים מהוון — A | C39: ₪ | D39: חישוב | F39: =F38 | G39: =G38/(1+'נתונים והנחות'!$F$11)^1 | H39: =H38/(1+'נתונים והנחות'!$F$11)^2 | I39: =I38/(1+'נתונים והנחות'!$F$11)^3 | J39: =J38/(1+'נתונים והנחות'!$F$11)^4 | K39: =K38/(1+'נתונים והנחות'!$F$11)^5 | L39: =L38/(1+'נתונים והנחות'!$F$11)^6 | M39: =M38/(1+'נתונים והנחות'!$F$11)^7 | N39: =N38/(1+'נתונים והנחות'!$F$11)^8 | O39: =O38/(1+'נתונים והנחות'!$F$11)^9 | P39: =P38/(1+'נתונים והנחות'!$F$11)^10 | Q39: =Q38/(1+'נתונים והנחות'!$F$11)^11 | R39: =R38/(1+'נתונים והנחות'!$F$11)^12 | S39: =S38/(1+'נתונים והנחות'!$F$11)^13 | T39: =T38/(1+'נתונים והנחות'!$F$11)^14 | U39: =U38/(1+'נתונים והנחות'!$F$11)^15 | V39: =V38/(1+'נתונים והנחות'!$F$11)^16 | W39: =W38/(1+'נתונים והנחות'!$F$11)^17 | X39: =X38/(1+'נתונים והנחות'!$F$11)^18 | Y39: =Y38/(1+'נתונים והנחות'!$F$11)^19 | Z39: =Z38/(1+'נתונים והנחות'!$F$11)^20
B41: תרחיש B — רכישת משאבות חום — 55 kW | פחת סטנדרטי (ללא תמריץ)
B42: השקעה ראשונית | C42: ₪ | D42: חישוב | F42: =IF(ISNUMBER('נתונים והנחות'!$F$41),-'נתונים והנחות'!$F$41,"PENDING")
B43: OPEX אנרגיה (עם שחיקה) | C43: ₪ | D43: חישוב | F43: 0 | G43: =IF(ISNUMBER('נתונים והנחות'!$F$47),-'נתונים והנחות'!$F$47*(1+0.005)^0,0) | H43: =IF(ISNUMBER('נתונים והנחות'!$F$47),-'נתונים והנחות'!$F$47*(1+0.005)^1,0) | I43: =IF(ISNUMBER('נתונים והנחות'!$F$47),-'נתונים והנחות'!$F$47*(1+0.005)^2,0) | J43: =IF(ISNUMBER('נתונים והנחות'!$F$47),-'נתונים והנחות'!$F$47*(1+0.005)^3,0) | K43: =IF(ISNUMBER('נתונים והנחות'!$F$47),-'נתונים והנחות'!$F$47*(1+0.005)^4,0) | L43: =IF(ISNUMBER('נתונים והנחות'!$F$47),-'נתונים והנחות'!$F$47*(1+0.005)^5,0) | M43: =IF(ISNUMBER('נתונים והנחות'!$F$47),-'נתונים והנחות'!$F$47*(1+0.005)^6,0) | N43: =IF(ISNUMBER('נתונים והנחות'!$F$47),-'נתונים והנחות'!$F$47*(1+0.005)^7,0) | O43: =IF(ISNUMBER('נתונים והנחות'!$F$47),-'נתונים והנחות'!$F$47*(1+0.005)^8,0) | P43: =IF(ISNUMBER('נתונים והנחות'!$F$47),-'נתונים והנחות'!$F$47*(1+0.005)^9,0) | Q43: =0 | R43: =0 | S43: =0 | T43: =0 | U43: =0 | V43: =0 | W43: =0 | X43: =0 | ... Z43: =0
B44: OPEX אחר | C44: ₪ | D44: חישוב | F44: 0 | G44: 0 | H44: 0 | I44: 0 | J44: 0 | K44: 0 | L44: 0 | M44: 0 | N44: 0 | O44: 0 | P44: 0 | Q44: 0 | R44: 0 | S44: 0 | T44: 0 | U44: 0 | V44: 0 | W44: 0 | X44: 0 | Y44: 0 | Z44: 0
B45: תזרים נקי — B | C45: ₪ | D45: חישוב | F45: =F42 | G45: =G43+G44+G28 | H45: =H43+H44+H28 | I45: =I43+I44+I28 | J45: =J43+J44+J28 | K45: =K43+K44+K28 | L45: =L43+L44+L28 | M45: =M43+M44+M28 | N45: =N43+N44+N28 | ... Z45: =Z43+Z44+Z28
B46: תזרים מהוון — B | C46: ₪ | D46: חישוב | F46: =F45 | G46: =G45/(1+'נתונים והנחות'!$F$11)^1 | H46: =H45/(1+'נתונים והנחות'!$F$11)^2 | I46: =I45/(1+'נתונים והנחות'!$F$11)^3 | J46: =J45/(1+'נתונים והנחות'!$F$11)^4 | K46: =K45/(1+'נתונים והנחות'!$F$11)^5 | L46: =L45/(1+'נתונים והנחות'!$F$11)^6 | M46: =M45/(1+'נתונים והנחות'!$F$11)^7 | N46: =N45/(1+'נתונים והנחות'!$F$11)^8 | O46: =O45/(1+'נתונים והנחות'!$F$11)^9 | P46: =P45/(1+'נתונים והנחות'!$F$11)^10 | Q46: =Q45/(1+'נתונים והנחות'!$F$11)^11 | R46: =R45/(1+'נתונים והנחות'!$F$11)^12 | S46: =S45/(1+'נתונים והנחות'!$F$11)^13 | T46: =T45/(1+'נתונים והנחות'!$F$11)^14 | U46: =U45/(1+'נתונים והנחות'!$F$11)^15 | V46: =V45/(1+'נתונים והנחות'!$F$11)^16 | W46: =W45/(1+'נתונים והנחות'!$F$11)^17 | X46: =X45/(1+'נתונים והנחות'!$F$11)^18 | Y46: =Y45/(1+'נתונים והנחות'!$F$11)^19 | Z46: =Z45/(1+'נתונים והנחות'!$F$11)^20
B48: תרחיש C — רכישת משאבות חום — 55 kW | פחת מואץ (עם תמריץ)
B49: * OPEX זהה ל-B — ההבדל הוא מגן המס המואץ בלבד
B50: תזרים נקי — C | C50: ₪ | D50: חישוב | F50: =F42 | G50: =G43+G44+G30 | H50: =H43+H44+H30 | I50: =I43+I44+I30 | J50: =J43+J44+J30 | K50: =K43+K44+K30 | L50: =L43+L44+L30 | M50: =M43+M44+M30 | N50: =N43+N44+N30 | ... Z50: =Z43+Z44+Z30
B51: תזרים מהוון — C | C51: ₪ | D51: חישוב | F51: =F50 | G51: =G50/(1+'נתונים והנחות'!$F$11)^1 | H51: =H50/(1+'נתונים והנחות'!$F$11)^2 | I51: =I50/(1+'נתונים והנחות'!$F$11)^3 | J51: =J50/(1+'נתונים והנחות'!$F$11)^4 | K51: =K50/(1+'נתונים והנחות'!$F$11)^5 | L51: =L50/(1+'נתונים והנחות'!$F$11)^6 | M51: =M50/(1+'נתונים והנחות'!$F$11)^7 | N51: =N50/(1+'נתונים והנחות'!$F$11)^8 | O51: =O50/(1+'נתונים והנחות'!$F$11)^9 | P51: =P50/(1+'נתונים והנחות'!$F$11)^10 | Q51: =Q50/(1+'נתונים והנחות'!$F$11)^11 | R51: =R50/(1+'נתונים והנחות'!$F$11)^12 | S51: =S50/(1+'נתונים והנחות'!$F$11)^13 | T51: =T50/(1+'נתונים והנחות'!$F$11)^14 | U51: =U50/(1+'נתונים והנחות'!$F$11)^15 | V51: =V50/(1+'נתונים והנחות'!$F$11)^16 | W51: =W50/(1+'נתונים והנחות'!$F$11)^17 | X51: =X50/(1+'נתונים והנחות'!$F$11)^18 | Y51: =Y50/(1+'נתונים והנחות'!$F$11)^19 | Z51: =Z50/(1+'נתונים והנחות'!$F$11)^20
B53: ד. תוצאות — NPV, החזר השקעה, עלות פיסקלית
B54: NPV — תרחיש A (משאבת חום סטנדרטית — 55 kW) | C54: ש"ח | F54: =SUM(F39:Z39)
B55: NPV — תרחיש B (משאבות חום — 55 kW, ללא תמריץ) | C55: ש"ח | F55: =SUM(F46:Z46)
B56: NPV — תרחיש C (משאבות חום — 55 kW, עם תמריץ) | C56: ש"ח | F56: =SUM(F51:Z51)
B58: NPV מצטבר — הצדקת השדרוג (B−A) | C58: ש"ח | F58: =F55-F54
B59: ערך התמריץ — תועלת הפחת המואץ (C−B) | C59: ש"ח | F59: =F56-F55
B60: תקופת החזר מהוון — B (ללא תמריץ) | C60: שנים | F60: {=_xlfn.LET(_xlpm.diffs, F46:Z46-F39:Z39, _xlpm.n, COLUMNS(_xlpm.diffs), _xlpm.cum, MMULT(_xlpm.diffs, N(_xlfn.SEQUENCE(_xlpm.n,1)<=_xlfn.SEQUENCE(1,_xlpm.n))), _xlpm.idx, MATCH(TRUE, _xlpm.cum>=0, 0), IF(ISNA(_xlpm.idx), "לא מוחזר בטווח", IF(_xlpm.idx=1, 0, (_xlpm.idx-2) + (-INDEX(_xlpm.cum,_xlpm.idx-1)/INDEX(_xlpm.diffs,_xlpm.idx)))))}
B61: תקופת החזר מהוון — C (עם תמריץ) | C61: שנים | F61: {=_xlfn.LET(_xlpm.diffs, F51:Z51-F39:Z39, _xlpm.n, COLUMNS(_xlpm.diffs), _xlpm.cum, MMULT(_xlpm.diffs, N(_xlfn.SEQUENCE(_xlpm.n,1)<=_xlfn.SEQUENCE(1,_xlpm.n))), _xlpm.idx, MATCH(TRUE, _xlpm.cum>=0, 0), IF(ISNA(_xlpm.idx), "לא מוחזר בטווח", IF(_xlpm.idx=1, 0, (_xlpm.idx-2) + (-INDEX(_xlpm.cum,_xlpm.idx-1)/INDEX(_xlpm.diffs,_xlpm.idx)))))}
B62: הכרעה — מבחן סף החזר ההשקעה | C62: הערכה | D62: חישוב | F62: =IF(AND(ISNUMBER(F60),F60<='נתונים והנחות'!$F$21),"כדאי גם ללא תמריץ",IF(AND(ISNUMBER(F61),F61<='נתונים והנחות'!$F$21),"התמריץ הפך את ההחלטה","לא כדאי גם עם תמריץ"))
B63: NPV מצטבר — ערך ההשקעה המתומרצת מול הנוהג הקיים (C−A) | C63: ש"ח | F63: =F56-F54
B64: עלות פיסקלית של התמריץ למדינה (NPV) | C64: ש"ח | D64: חישוב | F64: =F59
B68: 3.2 צ'ילרים — 300 RT
B69: * מול מערכת קירור קונבנציונלית — 300 RT | נתונים: גיליון 'נתונים והנחות' סעיף 4
B70: ב. לוחות פחת (ציוד בסיסי vs. יעיל)
B71: פרמטר | C71: יחידות | D71: מקור | E71: הערות | F71: שנה 0 (השקעה) | G71: שנה 1 | H71: שנה 2 | I71: שנה 3 | J71: שנה 4 | K71: שנה 5 | L71: שנה 6 | M71: שנה 7 | N71: שנה 8 | O71: שנה 9 | P71: שנה 10 | Q71: שנה 11 | R71: שנה 12 | S71: שנה 13 | T71: שנה 14 | U71: שנה 15 | V71: שנה 16 | W71: שנה 17 | X71: שנה 18 | Y71: שנה 19 | Z71: שנה 20
B72: פחת סטנדרטי — מערכת קירור קונבנציונלית — 300 RT | C72: ₪ | D72: חישוב | F72: 0 | G72: =IF(ISNUMBER('נתונים והנחות'!$G$40),'נתונים והנחות'!$G$40*0.1,0) | H72: =IF(ISNUMBER('נתונים והנחות'!$G$40),'נתונים והנחות'!$G$40*0.1,0) | I72: =IF(ISNUMBER('נתונים והנחות'!$G$40),'נתונים והנחות'!$G$40*0.1,0) | J72: =IF(ISNUMBER('נתונים והנחות'!$G$40),'נתונים והנחות'!$G$40*0.1,0) | K72: =IF(ISNUMBER('נתונים והנחות'!$G$40),'נתונים והנחות'!$G$40*0.1,0) | L72: =IF(ISNUMBER('נתונים והנחות'!$G$40),'נתונים והנחות'!$G$40*0.1,0) | M72: =IF(ISNUMBER('נתונים והנחות'!$G$40),'נתונים והנחות'!$G$40*0.1,0) | N72: =IF(ISNUMBER('נתונים והנחות'!$G$40),'נתונים והנחות'!$G$40*0.1,0) | ... P72: =IF(ISNUMBER('נתונים והנחות'!$G$40),'נתונים והנחות'!$G$40*0.1,0) | Q72: =0 | R72: =0 | S72: =0 | T72: =0 | U72: =0 | V72: =0 | W72: =0 | X72: =0 | ... Z72: =0
B73: מגן מס — מערכת קירור קונבנציונלית — 300 RT | C73: ₪ | D73: חישוב | F73: 0 | G73: =G72*'נתונים והנחות'!$F$10 | H73: =H72*'נתונים והנחות'!$F$10 | I73: =I72*'נתונים והנחות'!$F$10 | J73: =J72*'נתונים והנחות'!$F$10 | K73: =K72*'נתונים והנחות'!$F$10 | L73: =L72*'נתונים והנחות'!$F$10 | M73: =M72*'נתונים והנחות'!$F$10 | N73: =N72*'נתונים והנחות'!$F$10 | ... Z73: =Z72*'נתונים והנחות'!$F$10
B74: פחת סטנדרטי — צ'ילרים — 300 RT | C74: ₪ | D74: חישוב | F74: 0 | G74: =IF(ISNUMBER('נתונים והנחות'!$G$41),'נתונים והנחות'!$G$41*0.1,0) | H74: =IF(ISNUMBER('נתונים והנחות'!$G$41),'נתונים והנחות'!$G$41*0.1,0) | I74: =IF(ISNUMBER('נתונים והנחות'!$G$41),'נתונים והנחות'!$G$41*0.1,0) | J74: =IF(ISNUMBER('נתונים והנחות'!$G$41),'נתונים והנחות'!$G$41*0.1,0) | K74: =IF(ISNUMBER('נתונים והנחות'!$G$41),'נתונים והנחות'!$G$41*0.1,0) | L74: =IF(ISNUMBER('נתונים והנחות'!$G$41),'נתונים והנחות'!$G$41*0.1,0) | M74: =IF(ISNUMBER('נתונים והנחות'!$G$41),'נתונים והנחות'!$G$41*0.1,0) | N74: =IF(ISNUMBER('נתונים והנחות'!$G$41),'נתונים והנחות'!$G$41*0.1,0) | ... P74: =IF(ISNUMBER('נתונים והנחות'!$G$41),'נתונים והנחות'!$G$41*0.1,0) | Q74: =0 | R74: =0 | S74: =0 | T74: =0 | U74: =0 | V74: =0 | W74: =0 | X74: =0 | ... Z74: =0
B75: מגן מס סטנדרטי — צ'ילרים — 300 RT | C75: ₪ | D75: חישוב | F75: 0 | G75: =G74*'נתונים והנחות'!$F$10 | H75: =H74*'נתונים והנחות'!$F$10 | I75: =I74*'נתונים והנחות'!$F$10 | J75: =J74*'נתונים והנחות'!$F$10 | K75: =K74*'נתונים והנחות'!$F$10 | L75: =L74*'נתונים והנחות'!$F$10 | M75: =M74*'נתונים והנחות'!$F$10 | N75: =N74*'נתונים והנחות'!$F$10 | ... Z75: =Z74*'נתונים והנחות'!$F$10
B76: פחת מואץ — צ'ילרים — 300 RT | C76: ₪ | D76: חישוב | F76: 0 | G76: =IF(ISNUMBER('נתונים והנחות'!$G$41),IF(1<ROUND(1/(0.1*'נתונים והנחות'!$F$20),0),'נתונים והנחות'!$G$41*0.1*'נתונים והנחות'!$F$20,IF(1=ROUND(1/(0.1*'נתונים והנחות'!$F$20),0),'נתונים והנחות'!$G$41-('נתונים והנחות'!$G$41*0.1*'נתונים והנחות'!$F$20)*(ROUND(1/(0.1*'נתונים והנחות'!$F$20),0)-1),0)),0) | H76: =IF(ISNUMBER('נתונים והנחות'!$G$41),IF(2<ROUND(1/(0.1*'נתונים והנחות'!$F$20),0),'נתונים והנחות'!$G$41*0.1*'נתונים והנחות'!$F$20,IF(2=ROUND(1/(0.1*'נתונים והנחות'!$F$20),0),'נתונים והנחות'!$G$41-('נתונים והנחות'!$G$41*0.1*'נתונים והנחות'!$F$20)*(ROUND(1/(0.1*'נתונים והנחות'!$F$20),0)-1),0)),0) | I76: =IF(ISNUMBER('נתונים והנחות'!$G$41),IF(3<ROUND(1/(0.1*'נתונים והנחות'!$F$20),0),'נתונים והנחות'!$G$41*0.1*'נתונים והנחות'!$F$20,IF(3=ROUND(1/(0.1*'נתונים והנחות'!$F$20),0),'נתונים והנחות'!$G$41-('נתונים והנחות'!$G$41*0.1*'נתונים והנחות'!$F$20)*(ROUND(1/(0.1*'נתונים והנחות'!$F$20),0)-1),0)),0) | J76: =IF(ISNUMBER('נתונים והנחות'!$G$41),IF(4<ROUND(1/(0.1*'נתונים והנחות'!$F$20),0),'נתונים והנחות'!$G$41*0.1*'נתונים והנחות'!$F$20,IF(4=ROUND(1/(0.1*'נתונים והנחות'!$F$20),0),'נתונים והנחות'!$G$41-('נתונים והנחות'!$G$41*0.1*'נתונים והנחות'!$F$20)*(ROUND(1/(0.1*'נתונים והנחות'!$F$20),0)-1),0)),0) | K76: =IF(ISNUMBER('נתונים והנחות'!$G$41),IF(5<ROUND(1/(0.1*'נתונים והנחות'!$F$20),0),'נתונים והנחות'!$G$41*0.1*'נתונים והנחות'!$F$20,IF(5=ROUND(1/(0.1*'נתונים והנחות'!$F$20),0),'נתונים והנחות'!$G$41-('נתונים והנחות'!$G$41*0.1*'נתונים והנחות'!$F$20)*(ROUND(1/(0.1*'נתונים והנחות'!$F$20),0)-1),0)),0) | L76: =IF(ISNUMBER('נתונים והנחות'!$G$41),IF(6<ROUND(1/(0.1*'נתונים והנחות'!$F$20),0),'נתונים והנחות'!$G$41*0.1*'נתונים והנחות'!$F$20,IF(6=ROUND(1/(0.1*'נתונים והנחות'!$F$20),0),'נתונים והנחות'!$G$41-('נתונים והנחות'!$G$41*0.1*'נתונים והנחות'!$F$20)*(ROUND(1/(0.1*'נתונים והנחות'!$F$20),0)-1),0)),0) | M76: =IF(ISNUMBER('נתונים והנחות'!$G$41),IF(7<ROUND(1/(0.1*'נתונים והנחות'!$F$20),0),'נתונים והנחות'!$G$41*0.1*'נתונים והנחות'!$F$20,IF(7=ROUND(1/(0.1*'נתונים והנחות'!$F$20),0),'נתונים והנחות'!$G$41-('נתונים והנחות'!$G$41*0.1*'נתונים והנחות'!$F$20)*(ROUND(1/(0.1*'נתונים והנחות'!$F$20),0)-1),0)),0) | N76: =IF(ISNUMBER('נתונים והנחות'!$G$41),IF(8<ROUND(1/(0.1*'נתונים והנחות'!$F$20),0),'נתונים והנחות'!$G$41*0.1*'נתונים והנחות'!$F$20,IF(8=ROUND(1/(0.1*'נתונים והנחות'!$F$20),0),'נתונים והנחות'!$G$41-('נתונים והנחות'!$G$41*0.1*'נתונים והנחות'!$F$20)*(ROUND(1/(0.1*'נתונים והנחות'!$F$20),0)-1),0)),0) | O76: =IF(ISNUMBER('נתונים והנחות'!$G$41),IF(9<ROUND(1/(0.1*'נתונים והנחות'!$F$20),0),'נתונים והנחות'!$G$41*0.1*'נתונים והנחות'!$F$20,IF(9=ROUND(1/(0.1*'נתונים והנחות'!$F$20),0),'נתונים והנחות'!$G$41-('נתונים והנחות'!$G$41*0.1*'נתונים והנחות'!$F$20)*(ROUND(1/(0.1*'נתונים והנחות'!$F$20),0)-1),0)),0) | P76: =IF(ISNUMBER('נתונים והנחות'!$G$41),IF(10<ROUND(1/(0.1*'נתונים והנחות'!$F$20),0),'נתונים והנחות'!$G$41*0.1*'נתונים והנחות'!$F$20,IF(10=ROUND(1/(0.1*'נתונים והנחות'!$F$20),0),'נתונים והנחות'!$G$41-('נתונים והנחות'!$G$41*0.1*'נתונים והנחות'!$F$20)*(ROUND(1/(0.1*'נתונים והנחות'!$F$20),0)-1),0)),0) | Q76: =IF(ISNUMBER('נתונים והנחות'!$G$41),IF(11<ROUND(1/(0.1*'נתונים והנחות'!$F$20),0),'נתונים והנחות'!$G$41*0.1*'נתונים והנחות'!$F$20,IF(11=ROUND(1/(0.1*'נתונים והנחות'!$F$20),0),'נתונים והנחות'!$G$41-('נתונים והנחות'!$G$41*0.1*'נתונים והנחות'!$F$20)*(ROUND(1/(0.1*'נתונים והנחות'!$F$20),0)-1),0)),0) | R76: =IF(ISNUMBER('נתונים והנחות'!$G$41),IF(12<ROUND(1/(0.1*'נתונים והנחות'!$F$20),0),'נתונים והנחות'!$G$41*0.1*'נתונים והנחות'!$F$20,IF(12=ROUND(1/(0.1*'נתונים והנחות'!$F$20),0),'נתונים והנחות'!$G$41-('נתונים והנחות'!$G$41*0.1*'נתונים והנחות'!$F$20)*(ROUND(1/(0.1*'נתונים והנחות'!$F$20),0)-1),0)),0) | S76: =IF(ISNUMBER('נתונים והנחות'!$G$41),IF(13<ROUND(1/(0.1*'נתונים והנחות'!$F$20),0),'נתונים והנחות'!$G$41*0.1*'נתונים והנחות'!$F$20,IF(13=ROUND(1/(0.1*'נתונים והנחות'!$F$20),0),'נתונים והנחות'!$G$41-('נתונים והנחות'!$G$41*0.1*'נתונים והנחות'!$F$20)*(ROUND(1/(0.1*'נתונים והנחות'!$F$20),0)-1),0)),0) | T76: =IF(ISNUMBER('נתונים והנחות'!$G$41),IF(14<ROUND(1/(0.1*'נתונים והנחות'!$F$20),0),'נתונים והנחות'!$G$41*0.1*'נתונים והנחות'!$F$20,IF(14=ROUND(1/(0.1*'נתונים והנחות'!$F$20),0),'נתונים והנחות'!$G$41-('נתונים והנחות'!$G$41*0.1*'נתונים והנחות'!$F$20)*(ROUND(1/(0.1*'נתונים והנחות'!$F$20),0)-1),0)),0) | U76: =IF(ISNUMBER('נתונים והנחות'!$G$41),IF(15<ROUND(1/(0.1*'נתונים והנחות'!$F$20),0),'נתונים והנחות'!$G$41*0.1*'נתונים והנחות'!$F$20,IF(15=ROUND(1/(0.1*'נתונים והנחות'!$F$20),0),'נתונים והנחות'!$G$41-('נתונים והנחות'!$G$41*0.1*'נתונים והנחות'!$F$20)*(ROUND(1/(0.1*'נתונים והנחות'!$F$20),0)-1),0)),0) | V76: =IF(ISNUMBER('נתונים והנחות'!$G$41),IF(16<ROUND(1/(0.1*'נתונים והנחות'!$F$20),0),'נתונים והנחות'!$G$41*0.1*'נתונים והנחות'!$F$20,IF(16=ROUND(1/(0.1*'נתונים והנחות'!$F$20),0),'נתונים והנחות'!$G$41-('נתונים והנחות'!$G$41*0.1*'נתונים והנחות'!$F$20)*(ROUND(1/(0.1*'נתונים והנחות'!$F$20),0)-1),0)),0) | W76: =IF(ISNUMBER('נתונים והנחות'!$G$41),IF(17<ROUND(1/(0.1*'נתונים והנחות'!$F$20),0),'נתונים והנחות'!$G$41*0.1*'נתונים והנחות'!$F$20,IF(17=ROUND(1/(0.1*'נתונים והנחות'!$F$20),0),'נתונים והנחות'!$G$41-('נתונים והנחות'!$G$41*0.1*'נתונים והנחות'!$F$20)*(ROUND(1/(0.1*'נתונים והנחות'!$F$20),0)-1),0)),0) | X76: =IF(ISNUMBER('נתונים והנחות'!$G$41),IF(18<ROUND(1/(0.1*'נתונים והנחות'!$F$20),0),'נתונים והנחות'!$G$41*0.1*'נתונים והנחות'!$F$20,IF(18=ROUND(1/(0.1*'נתונים והנחות'!$F$20),0),'נתונים והנחות'!$G$41-('נתונים והנחות'!$G$41*0.1*'נתונים והנחות'!$F$20)*(ROUND(1/(0.1*'נתונים והנחות'!$F$20),0)-1),0)),0) | Y76: =IF(ISNUMBER('נתונים והנחות'!$G$41),IF(19<ROUND(1/(0.1*'נתונים והנחות'!$F$20),0),'נתונים והנחות'!$G$41*0.1*'נתונים והנחות'!$F$20,IF(19=ROUND(1/(0.1*'נתונים והנחות'!$F$20),0),'נתונים והנחות'!$G$41-('נתונים והנחות'!$G$41*0.1*'נתונים והנחות'!$F$20)*(ROUND(1/(0.1*'נתונים והנחות'!$F$20),0)-1),0)),0) | Z76: =IF(ISNUMBER('נתונים והנחות'!$G$41),IF(20<ROUND(1/(0.1*'נתונים והנחות'!$F$20),0),'נתונים והנחות'!$G$41*0.1*'נתונים והנחות'!$F$20,IF(20=ROUND(1/(0.1*'נתונים והנחות'!$F$20),0),'נתונים והנחות'!$G$41-('נתונים והנחות'!$G$41*0.1*'נתונים והנחות'!$F$20)*(ROUND(1/(0.1*'נתונים והנחות'!$F$20),0)-1),0)),0)
B77: מגן מס מואץ — צ'ילרים — 300 RT | C77: ₪ | D77: חישוב | F77: 0 | G77: =G76*'נתונים והנחות'!$F$10 | H77: =H76*'נתונים והנחות'!$F$10 | I77: =I76*'נתונים והנחות'!$F$10 | J77: =J76*'נתונים והנחות'!$F$10 | K77: =K76*'נתונים והנחות'!$F$10 | L77: =L76*'נתונים והנחות'!$F$10 | M77: =M76*'נתונים והנחות'!$F$10 | N77: =N76*'נתונים והנחות'!$F$10 | ... Z77: =Z76*'נתונים והנחות'!$F$10
B79: ג. ניתוח תזרים מזומנים — שלושה תרחישים
B80: פרמטר | C80: יחידות | D80: מקור | E80: הערות | F80: שנה 0 (השקעה) | G80: שנה 1 | H80: שנה 2 | I80: שנה 3 | J80: שנה 4 | K80: שנה 5 | L80: שנה 6 | M80: שנה 7 | N80: שנה 8 | O80: שנה 9 | P80: שנה 10 | Q80: שנה 11 | R80: שנה 12 | S80: שנה 13 | T80: שנה 14 | U80: שנה 15 | V80: שנה 16 | W80: שנה 17 | X80: שנה 18 | Y80: שנה 19 | Z80: שנה 20
B81: תרחיש A — רכישת מערכת קירור קונבנציונלית — 300 RT (ציוד קיים)
B82: השקעה ראשונית | C82: ₪ | D82: חישוב | F82: =IF(ISNUMBER('נתונים והנחות'!$G$40),-'נתונים והנחות'!$G$40,"PENDING")
B83: OPEX אנרגיה | C83: ₪ | D83: חישוב | F83: 0 | G83: =IF(ISNUMBER('נתונים והנחות'!$G$46),-'נתונים והנחות'!$G$46,0) | H83: =IF(ISNUMBER('נתונים והנחות'!$G$46),-'נתונים והנחות'!$G$46,0) | I83: =IF(ISNUMBER('נתונים והנחות'!$G$46),-'נתונים והנחות'!$G$46,0) | J83: =IF(ISNUMBER('נתונים והנחות'!$G$46),-'נתונים והנחות'!$G$46,0) | K83: =IF(ISNUMBER('נתונים והנחות'!$G$46),-'נתונים והנחות'!$G$46,0) | L83: =IF(ISNUMBER('נתונים והנחות'!$G$46),-'נתונים והנחות'!$G$46,0) | M83: =IF(ISNUMBER('נתונים והנחות'!$G$46),-'נתונים והנחות'!$G$46,0) | N83: =IF(ISNUMBER('נתונים והנחות'!$G$46),-'נתונים והנחות'!$G$46,0) | ... U83: =IF(ISNUMBER('נתונים והנחות'!$G$46),-'נתונים והנחות'!$G$46,0) | V83: =0 | W83: =0 | X83: =0 | Y83: =0 | Z83: =0
B84: OPEX אחר | C84: ₪ | D84: חישוב | F84: 0 | G84: 0 | H84: 0 | I84: 0 | J84: 0 | K84: 0 | L84: 0 | M84: 0 | N84: 0 | O84: 0 | P84: 0 | Q84: 0 | R84: 0 | S84: 0 | T84: 0 | U84: 0 | V84: 0 | W84: 0 | X84: 0 | Y84: 0 | Z84: 0
B85: תזרים נקי — A | C85: ₪ | D85: חישוב | F85: =F82 | G85: =G83+G84+G73 | H85: =H83+H84+H73 | I85: =I83+I84+I73 | J85: =J83+J84+J73 | K85: =K83+K84+K73 | L85: =L83+L84+L73 | M85: =M83+M84+M73 | N85: =N83+N84+N73 | ... Z85: =Z83+Z84+Z73
B86: תזרים מהוון — A | C86: ₪ | D86: חישוב | F86: =F85 | G86: =G85/(1+'נתונים והנחות'!$F$11)^1 | H86: =H85/(1+'נתונים והנחות'!$F$11)^2 | I86: =I85/(1+'נתונים והנחות'!$F$11)^3 | J86: =J85/(1+'נתונים והנחות'!$F$11)^4 | K86: =K85/(1+'נתונים והנחות'!$F$11)^5 | L86: =L85/(1+'נתונים והנחות'!$F$11)^6 | M86: =M85/(1+'נתונים והנחות'!$F$11)^7 | N86: =N85/(1+'נתונים והנחות'!$F$11)^8 | O86: =O85/(1+'נתונים והנחות'!$F$11)^9 | P86: =P85/(1+'נתונים והנחות'!$F$11)^10 | Q86: =Q85/(1+'נתונים והנחות'!$F$11)^11 | R86: =R85/(1+'נתונים והנחות'!$F$11)^12 | S86: =S85/(1+'נתונים והנחות'!$F$11)^13 | T86: =T85/(1+'נתונים והנחות'!$F$11)^14 | U86: =U85/(1+'נתונים והנחות'!$F$11)^15 | V86: =V85/(1+'נתונים והנחות'!$F$11)^16 | W86: =W85/(1+'נתונים והנחות'!$F$11)^17 | X86: =X85/(1+'נתונים והנחות'!$F$11)^18 | Y86: =Y85/(1+'נתונים והנחות'!$F$11)^19 | Z86: =Z85/(1+'נתונים והנחות'!$F$11)^20
B88: תרחיש B — רכישת צ'ילרים — 300 RT | פחת סטנדרטי (ללא תמריץ)
B89: השקעה ראשונית | C89: ₪ | D89: חישוב | F89: =IF(ISNUMBER('נתונים והנחות'!$G$41),-'נתונים והנחות'!$G$41,"PENDING")
B90: OPEX אנרגיה (עם שחיקה) | C90: ₪ | D90: חישוב | F90: 0 | G90: =IF(ISNUMBER('נתונים והנחות'!$G$47),-'נתונים והנחות'!$G$47*(1+0.005)^0,0) | H90: =IF(ISNUMBER('נתונים והנחות'!$G$47),-'נתונים והנחות'!$G$47*(1+0.005)^1,0) | I90: =IF(ISNUMBER('נתונים והנחות'!$G$47),-'נתונים והנחות'!$G$47*(1+0.005)^2,0) | J90: =IF(ISNUMBER('נתונים והנחות'!$G$47),-'נתונים והנחות'!$G$47*(1+0.005)^3,0) | K90: =IF(ISNUMBER('נתונים והנחות'!$G$47),-'נתונים והנחות'!$G$47*(1+0.005)^4,0) | L90: =IF(ISNUMBER('נתונים והנחות'!$G$47),-'נתונים והנחות'!$G$47*(1+0.005)^5,0) | M90: =IF(ISNUMBER('נתונים והנחות'!$G$47),-'נתונים והנחות'!$G$47*(1+0.005)^6,0) | N90: =IF(ISNUMBER('נתונים והנחות'!$G$47),-'נתונים והנחות'!$G$47*(1+0.005)^7,0) | O90: =IF(ISNUMBER('נתונים והנחות'!$G$47),-'נתונים והנחות'!$G$47*(1+0.005)^8,0) | P90: =IF(ISNUMBER('נתונים והנחות'!$G$47),-'נתונים והנחות'!$G$47*(1+0.005)^9,0) | Q90: =IF(ISNUMBER('נתונים והנחות'!$G$47),-'נתונים והנחות'!$G$47*(1+0.005)^10,0) | R90: =IF(ISNUMBER('נתונים והנחות'!$G$47),-'נתונים והנחות'!$G$47*(1+0.005)^11,0) | S90: =IF(ISNUMBER('נתונים והנחות'!$G$47),-'נתונים והנחות'!$G$47*(1+0.005)^12,0) | T90: =IF(ISNUMBER('נתונים והנחות'!$G$47),-'נתונים והנחות'!$G$47*(1+0.005)^13,0) | U90: =IF(ISNUMBER('נתונים והנחות'!$G$47),-'נתונים והנחות'!$G$47*(1+0.005)^14,0) | V90: =IF(ISNUMBER('נתונים והנחות'!$G$47),-'נתונים והנחות'!$G$47*(1+0.005)^15,0) | W90: =IF(ISNUMBER('נתונים והנחות'!$G$47),-'נתונים והנחות'!$G$47*(1+0.005)^16,0) | X90: =0 | Y90: =0 | Z90: =0
B91: OPEX אחר | C91: ₪ | D91: חישוב | F91: 0 | G91: 0 | H91: 0 | I91: 0 | J91: 0 | K91: 0 | L91: 0 | M91: 0 | N91: 0 | O91: 0 | P91: 0 | Q91: 0 | R91: 0 | S91: 0 | T91: 0 | U91: 0 | V91: 0 | W91: 0 | X91: 0 | Y91: 0 | Z91: 0
B92: תזרים נקי — B | C92: ₪ | D92: חישוב | F92: =F89 | G92: =G90+G91+G75 | H92: =H90+H91+H75 | I92: =I90+I91+I75 | J92: =J90+J91+J75 | K92: =K90+K91+K75 | L92: =L90+L91+L75 | M92: =M90+M91+M75 | N92: =N90+N91+N75 | ... Z92: =Z90+Z91+Z75
B93: תזרים מהוון — B | C93: ₪ | D93: חישוב | F93: =F92 | G93: =G92/(1+'נתונים והנחות'!$F$11)^1 | H93: =H92/(1+'נתונים והנחות'!$F$11)^2 | I93: =I92/(1+'נתונים והנחות'!$F$11)^3 | J93: =J92/(1+'נתונים והנחות'!$F$11)^4 | K93: =K92/(1+'נתונים והנחות'!$F$11)^5 | L93: =L92/(1+'נתונים והנחות'!$F$11)^6 | M93: =M92/(1+'נתונים והנחות'!$F$11)^7 | N93: =N92/(1+'נתונים והנחות'!$F$11)^8 | O93: =O92/(1+'נתונים והנחות'!$F$11)^9 | P93: =P92/(1+'נתונים והנחות'!$F$11)^10 | Q93: =Q92/(1+'נתונים והנחות'!$F$11)^11 | R93: =R92/(1+'נתונים והנחות'!$F$11)^12 | S93: =S92/(1+'נתונים והנחות'!$F$11)^13 | T93: =T92/(1+'נתונים והנחות'!$F$11)^14 | U93: =U92/(1+'נתונים והנחות'!$F$11)^15 | V93: =V92/(1+'נתונים והנחות'!$F$11)^16 | W93: =W92/(1+'נתונים והנחות'!$F$11)^17 | X93: =X92/(1+'נתונים והנחות'!$F$11)^18 | Y93: =Y92/(1+'נתונים והנחות'!$F$11)^19 | Z93: =Z92/(1+'נתונים והנחות'!$F$11)^20
B95: תרחיש C — רכישת צ'ילרים — 300 RT | פחת מואץ (עם תמריץ)
B96: * OPEX זהה ל-B — ההבדל הוא מגן המס המואץ בלבד
B97: תזרים נקי — C | C97: ₪ | D97: חישוב | F97: =F89 | G97: =G90+G91+G77 | H97: =H90+H91+H77 | I97: =I90+I91+I77 | J97: =J90+J91+J77 | K97: =K90+K91+K77 | L97: =L90+L91+L77 | M97: =M90+M91+M77 | N97: =N90+N91+N77 | ... Z97: =Z90+Z91+Z77
B98: תזרים מהוון — C | C98: ₪ | D98: חישוב | F98: =F97 | G98: =G97/(1+'נתונים והנחות'!$F$11)^1 | H98: =H97/(1+'נתונים והנחות'!$F$11)^2 | I98: =I97/(1+'נתונים והנחות'!$F$11)^3 | J98: =J97/(1+'נתונים והנחות'!$F$11)^4 | K98: =K97/(1+'נתונים והנחות'!$F$11)^5 | L98: =L97/(1+'נתונים והנחות'!$F$11)^6 | M98: =M97/(1+'נתונים והנחות'!$F$11)^7 | N98: =N97/(1+'נתונים והנחות'!$F$11)^8 | O98: =O97/(1+'נתונים והנחות'!$F$11)^9 | P98: =P97/(1+'נתונים והנחות'!$F$11)^10 | Q98: =Q97/(1+'נתונים והנחות'!$F$11)^11 | R98: =R97/(1+'נתונים והנחות'!$F$11)^12 | S98: =S97/(1+'נתונים והנחות'!$F$11)^13 | T98: =T97/(1+'נתונים והנחות'!$F$11)^14 | U98: =U97/(1+'נתונים והנחות'!$F$11)^15 | V98: =V97/(1+'נתונים והנחות'!$F$11)^16 | W98: =W97/(1+'נתונים והנחות'!$F$11)^17 | X98: =X97/(1+'נתונים והנחות'!$F$11)^18 | Y98: =Y97/(1+'נתונים והנחות'!$F$11)^19 | Z98: =Z97/(1+'נתונים והנחות'!$F$11)^20
B100: ד. תוצאות — NPV, החזר השקעה, עלות פיסקלית
B101: NPV — תרחיש A (מערכת קירור קונבנציונלית — 300 RT) | C101: ש"ח | F101: =SUM(F86:Z86)
B102: NPV — תרחיש B (צ'ילרים — 300 RT, ללא תמריץ) | C102: ש"ח | F102: =SUM(F93:Z93)
B103: NPV — תרחיש C (צ'ילרים — 300 RT, עם תמריץ) | C103: ש"ח | F103: =SUM(F98:Z98)
B105: NPV מצטבר — הצדקת השדרוג (B−A) | C105: ש"ח | F105: =F102-F101
B106: ערך התמריץ — תועלת הפחת המואץ (C−B) | C106: ש"ח | F106: =F103-F102
B107: תקופת החזר מהוון — B (ללא תמריץ) | C107: שנים | F107: {=_xlfn.LET(_xlpm.diffs, F93:Z93-F86:Z86, _xlpm.n, COLUMNS(_xlpm.diffs), _xlpm.cum, MMULT(_xlpm.diffs, N(_xlfn.SEQUENCE(_xlpm.n,1)<=_xlfn.SEQUENCE(1,_xlpm.n))), _xlpm.idx, MATCH(TRUE, _xlpm.cum>=0, 0), IF(ISNA(_xlpm.idx), "לא מוחזר בטווח", IF(_xlpm.idx=1, 0, (_xlpm.idx-2) + (-INDEX(_xlpm.cum,_xlpm.idx-1)/INDEX(_xlpm.diffs,_xlpm.idx)))))}
B108: תקופת החזר מהוון — C (עם תמריץ) | C108: שנים | F108: {=_xlfn.LET(_xlpm.diffs, F98:Z98-F86:Z86, _xlpm.n, COLUMNS(_xlpm.diffs), _xlpm.cum, MMULT(_xlpm.diffs, N(_xlfn.SEQUENCE(_xlpm.n,1)<=_xlfn.SEQUENCE(1,_xlpm.n))), _xlpm.idx, MATCH(TRUE, _xlpm.cum>=0, 0), IF(ISNA(_xlpm.idx), "לא מוחזר בטווח", IF(_xlpm.idx=1, 0, (_xlpm.idx-2) + (-INDEX(_xlpm.cum,_xlpm.idx-1)/INDEX(_xlpm.diffs,_xlpm.idx)))))}
B109: הכרעה — מבחן סף החזר ההשקעה | C109: הערכה | D109: חישוב | F109: =IF(AND(ISNUMBER(F107),F107<='נתונים והנחות'!$F$21),"כדאי גם ללא תמריץ",IF(AND(ISNUMBER(F108),F108<='נתונים והנחות'!$F$21),"התמריץ הפך את ההחלטה","לא כדאי גם עם תמריץ"))
B110: NPV מצטבר — ערך ההשקעה המתומרצת מול הנוהג הקיים (C−A) | C110: ש"ח | F110: =F103-F101
B111: עלות פיסקלית של התמריץ למדינה (NPV) | C111: ש"ח | D111: חישוב | F111: =F106
B115: 3.3 מדחסי VSD — 97.5 kW
B116: * מול מדחס מהירות קבועה — 97.5 kW | נתונים: גיליון 'נתונים והנחות' סעיף 4
B117: ב. לוחות פחת (ציוד בסיסי vs. יעיל)
B118: פרמטר | C118: יחידות | D118: מקור | E118: הערות | F118: שנה 0 (השקעה) | G118: שנה 1 | H118: שנה 2 | I118: שנה 3 | J118: שנה 4 | K118: שנה 5 | L118: שנה 6 | M118: שנה 7 | N118: שנה 8 | O118: שנה 9 | P118: שנה 10 | Q118: שנה 11 | R118: שנה 12 | S118: שנה 13 | T118: שנה 14 | U118: שנה 15 | V118: שנה 16 | W118: שנה 17 | X118: שנה 18 | Y118: שנה 19 | Z118: שנה 20
B119: פחת סטנדרטי — מדחס מהירות קבועה — 97.5 kW | C119: ₪ | D119: חישוב | F119: 0 | G119: =IF(ISNUMBER('נתונים והנחות'!$H$40),'נתונים והנחות'!$H$40*0.1,0) | H119: =IF(ISNUMBER('נתונים והנחות'!$H$40),'נתונים והנחות'!$H$40*0.1,0) | I119: =IF(ISNUMBER('נתונים והנחות'!$H$40),'נתונים והנחות'!$H$40*0.1,0) | J119: =IF(ISNUMBER('נתונים והנחות'!$H$40),'נתונים והנחות'!$H$40*0.1,0) | K119: =IF(ISNUMBER('נתונים והנחות'!$H$40),'נתונים והנחות'!$H$40*0.1,0) | L119: =IF(ISNUMBER('נתונים והנחות'!$H$40),'נתונים והנחות'!$H$40*0.1,0) | M119: =IF(ISNUMBER('נתונים והנחות'!$H$40),'נתונים והנחות'!$H$40*0.1,0) | N119: =IF(ISNUMBER('נתונים והנחות'!$H$40),'נתונים והנחות'!$H$40*0.1,0) | ... P119: =IF(ISNUMBER('נתונים והנחות'!$H$40),'נתונים והנחות'!$H$40*0.1,0) | Q119: =0 | R119: =0 | S119: =0 | T119: =0 | U119: =0 | V119: =0 | W119: =0 | X119: =0 | ... Z119: =0
B120: מגן מס — מדחס מהירות קבועה — 97.5 kW | C120: ₪ | D120: חישוב | F120: 0 | G120: =G119*'נתונים והנחות'!$F$10 | H120: =H119*'נתונים והנחות'!$F$10 | I120: =I119*'נתונים והנחות'!$F$10 | J120: =J119*'נתונים והנחות'!$F$10 | K120: =K119*'נתונים והנחות'!$F$10 | L120: =L119*'נתונים והנחות'!$F$10 | M120: =M119*'נתונים והנחות'!$F$10 | N120: =N119*'נתונים והנחות'!$F$10 | ... Z120: =Z119*'נתונים והנחות'!$F$10
B121: פחת סטנדרטי — מדחסי VSD — 97.5 kW | C121: ₪ | D121: חישוב | F121: 0 | G121: =IF(ISNUMBER('נתונים והנחות'!$H$41),'נתונים והנחות'!$H$41*0.1,0) | H121: =IF(ISNUMBER('נתונים והנחות'!$H$41),'נתונים והנחות'!$H$41*0.1,0) | I121: =IF(ISNUMBER('נתונים והנחות'!$H$41),'נתונים והנחות'!$H$41*0.1,0) | J121: =IF(ISNUMBER('נתונים והנחות'!$H$41),'נתונים והנחות'!$H$41*0.1,0) | K121: =IF(ISNUMBER('נתונים והנחות'!$H$41),'נתונים והנחות'!$H$41*0.1,0) | L121: =IF(ISNUMBER('נתונים והנחות'!$H$41),'נתונים והנחות'!$H$41*0.1,0) | M121: =IF(ISNUMBER('נתונים והנחות'!$H$41),'נתונים והנחות'!$H$41*0.1,0) | N121: =IF(ISNUMBER('נתונים והנחות'!$H$41),'נתונים והנחות'!$H$41*0.1,0) | ... P121: =IF(ISNUMBER('נתונים והנחות'!$H$41),'נתונים והנחות'!$H$41*0.1,0) | Q121: =0 | R121: =0 | S121: =0 | T121: =0 | U121: =0 | V121: =0 | W121: =0 | X121: =0 | ... Z121: =0
B122: מגן מס סטנדרטי — מדחסי VSD — 97.5 kW | C122: ₪ | D122: חישוב | F122: 0 | G122: =G121*'נתונים והנחות'!$F$10 | H122: =H121*'נתונים והנחות'!$F$10 | I122: =I121*'נתונים והנחות'!$F$10 | J122: =J121*'נתונים והנחות'!$F$10 | K122: =K121*'נתונים והנחות'!$F$10 | L122: =L121*'נתונים והנחות'!$F$10 | M122: =M121*'נתונים והנחות'!$F$10 | N122: =N121*'נתונים והנחות'!$F$10 | ... Z122: =Z121*'נתונים והנחות'!$F$10
B123: פחת מואץ — מדחסי VSD — 97.5 kW | C123: ₪ | D123: חישוב | F123: 0 | G123: =IF(ISNUMBER('נתונים והנחות'!$H$41),IF(1<ROUND(1/(0.1*'נתונים והנחות'!$F$20),0),'נתונים והנחות'!$H$41*0.1*'נתונים והנחות'!$F$20,IF(1=ROUND(1/(0.1*'נתונים והנחות'!$F$20),0),'נתונים והנחות'!$H$41-('נתונים והנחות'!$H$41*0.1*'נתונים והנחות'!$F$20)*(ROUND(1/(0.1*'נתונים והנחות'!$F$20),0)-1),0)),0) | H123: =IF(ISNUMBER('נתונים והנחות'!$H$41),IF(2<ROUND(1/(0.1*'נתונים והנחות'!$F$20),0),'נתונים והנחות'!$H$41*0.1*'נתונים והנחות'!$F$20,IF(2=ROUND(1/(0.1*'נתונים והנחות'!$F$20),0),'נתונים והנחות'!$H$41-('נתונים והנחות'!$H$41*0.1*'נתונים והנחות'!$F$20)*(ROUND(1/(0.1*'נתונים והנחות'!$F$20),0)-1),0)),0) | I123: =IF(ISNUMBER('נתונים והנחות'!$H$41),IF(3<ROUND(1/(0.1*'נתונים והנחות'!$F$20),0),'נתונים והנחות'!$H$41*0.1*'נתונים והנחות'!$F$20,IF(3=ROUND(1/(0.1*'נתונים והנחות'!$F$20),0),'נתונים והנחות'!$H$41-('נתונים והנחות'!$H$41*0.1*'נתונים והנחות'!$F$20)*(ROUND(1/(0.1*'נתונים והנחות'!$F$20),0)-1),0)),0) | J123: =IF(ISNUMBER('נתונים והנחות'!$H$41),IF(4<ROUND(1/(0.1*'נתונים והנחות'!$F$20),0),'נתונים והנחות'!$H$41*0.1*'נתונים והנחות'!$F$20,IF(4=ROUND(1/(0.1*'נתונים והנחות'!$F$20),0),'נתונים והנחות'!$H$41-('נתונים והנחות'!$H$41*0.1*'נתונים והנחות'!$F$20)*(ROUND(1/(0.1*'נתונים והנחות'!$F$20),0)-1),0)),0) | K123: =IF(ISNUMBER('נתונים והנחות'!$H$41),IF(5<ROUND(1/(0.1*'נתונים והנחות'!$F$20),0),'נתונים והנחות'!$H$41*0.1*'נתונים והנחות'!$F$20,IF(5=ROUND(1/(0.1*'נתונים והנחות'!$F$20),0),'נתונים והנחות'!$H$41-('נתונים והנחות'!$H$41*0.1*'נתונים והנחות'!$F$20)*(ROUND(1/(0.1*'נתונים והנחות'!$F$20),0)-1),0)),0) | L123: =IF(ISNUMBER('נתונים והנחות'!$H$41),IF(6<ROUND(1/(0.1*'נתונים והנחות'!$F$20),0),'נתונים והנחות'!$H$41*0.1*'נתונים והנחות'!$F$20,IF(6=ROUND(1/(0.1*'נתונים והנחות'!$F$20),0),'נתונים והנחות'!$H$41-('נתונים והנחות'!$H$41*0.1*'נתונים והנחות'!$F$20)*(ROUND(1/(0.1*'נתונים והנחות'!$F$20),0)-1),0)),0) | M123: =IF(ISNUMBER('נתונים והנחות'!$H$41),IF(7<ROUND(1/(0.1*'נתונים והנחות'!$F$20),0),'נתונים והנחות'!$H$41*0.1*'נתונים והנחות'!$F$20,IF(7=ROUND(1/(0.1*'נתונים והנחות'!$F$20),0),'נתונים והנחות'!$H$41-('נתונים והנחות'!$H$41*0.1*'נתונים והנחות'!$F$20)*(ROUND(1/(0.1*'נתונים והנחות'!$F$20),0)-1),0)),0) | N123: =IF(ISNUMBER('נתונים והנחות'!$H$41),IF(8<ROUND(1/(0.1*'נתונים והנחות'!$F$20),0),'נתונים והנחות'!$H$41*0.1*'נתונים והנחות'!$F$20,IF(8=ROUND(1/(0.1*'נתונים והנחות'!$F$20),0),'נתונים והנחות'!$H$41-('נתונים והנחות'!$H$41*0.1*'נתונים והנחות'!$F$20)*(ROUND(1/(0.1*'נתונים והנחות'!$F$20),0)-1),0)),0) | O123: =IF(ISNUMBER('נתונים והנחות'!$H$41),IF(9<ROUND(1/(0.1*'נתונים והנחות'!$F$20),0),'נתונים והנחות'!$H$41*0.1*'נתונים והנחות'!$F$20,IF(9=ROUND(1/(0.1*'נתונים והנחות'!$F$20),0),'נתונים והנחות'!$H$41-('נתונים והנחות'!$H$41*0.1*'נתונים והנחות'!$F$20)*(ROUND(1/(0.1*'נתונים והנחות'!$F$20),0)-1),0)),0) | P123: =IF(ISNUMBER('נתונים והנחות'!$H$41),IF(10<ROUND(1/(0.1*'נתונים והנחות'!$F$20),0),'נתונים והנחות'!$H$41*0.1*'נתונים והנחות'!$F$20,IF(10=ROUND(1/(0.1*'נתונים והנחות'!$F$20),0),'נתונים והנחות'!$H$41-('נתונים והנחות'!$H$41*0.1*'נתונים והנחות'!$F$20)*(ROUND(1/(0.1*'נתונים והנחות'!$F$20),0)-1),0)),0) | Q123: =IF(ISNUMBER('נתונים והנחות'!$H$41),IF(11<ROUND(1/(0.1*'נתונים והנחות'!$F$20),0),'נתונים והנחות'!$H$41*0.1*'נתונים והנחות'!$F$20,IF(11=ROUND(1/(0.1*'נתונים והנחות'!$F$20),0),'נתונים והנחות'!$H$41-('נתונים והנחות'!$H$41*0.1*'נתונים והנחות'!$F$20)*(ROUND(1/(0.1*'נתונים והנחות'!$F$20),0)-1),0)),0) | R123: =IF(ISNUMBER('נתונים והנחות'!$H$41),IF(12<ROUND(1/(0.1*'נתונים והנחות'!$F$20),0),'נתונים והנחות'!$H$41*0.1*'נתונים והנחות'!$F$20,IF(12=ROUND(1/(0.1*'נתונים והנחות'!$F$20),0),'נתונים והנחות'!$H$41-('נתונים והנחות'!$H$41*0.1*'נתונים והנחות'!$F$20)*(ROUND(1/(0.1*'נתונים והנחות'!$F$20),0)-1),0)),0) | S123: =IF(ISNUMBER('נתונים והנחות'!$H$41),IF(13<ROUND(1/(0.1*'נתונים והנחות'!$F$20),0),'נתונים והנחות'!$H$41*0.1*'נתונים והנחות'!$F$20,IF(13=ROUND(1/(0.1*'נתונים והנחות'!$F$20),0),'נתונים והנחות'!$H$41-('נתונים והנחות'!$H$41*0.1*'נתונים והנחות'!$F$20)*(ROUND(1/(0.1*'נתונים והנחות'!$F$20),0)-1),0)),0) | T123: =IF(ISNUMBER('נתונים והנחות'!$H$41),IF(14<ROUND(1/(0.1*'נתונים והנחות'!$F$20),0),'נתונים והנחות'!$H$41*0.1*'נתונים והנחות'!$F$20,IF(14=ROUND(1/(0.1*'נתונים והנחות'!$F$20),0),'נתונים והנחות'!$H$41-('נתונים והנחות'!$H$41*0.1*'נתונים והנחות'!$F$20)*(ROUND(1/(0.1*'נתונים והנחות'!$F$20),0)-1),0)),0) | U123: =IF(ISNUMBER('נתונים והנחות'!$H$41),IF(15<ROUND(1/(0.1*'נתונים והנחות'!$F$20),0),'נתונים והנחות'!$H$41*0.1*'נתונים והנחות'!$F$20,IF(15=ROUND(1/(0.1*'נתונים והנחות'!$F$20),0),'נתונים והנחות'!$H$41-('נתונים והנחות'!$H$41*0.1*'נתונים והנחות'!$F$20)*(ROUND(1/(0.1*'נתונים והנחות'!$F$20),0)-1),0)),0) | V123: =IF(ISNUMBER('נתונים והנחות'!$H$41),IF(16<ROUND(1/(0.1*'נתונים והנחות'!$F$20),0),'נתונים והנחות'!$H$41*0.1*'נתונים והנחות'!$F$20,IF(16=ROUND(1/(0.1*'נתונים והנחות'!$F$20),0),'נתונים והנחות'!$H$41-('נתונים והנחות'!$H$41*0.1*'נתונים והנחות'!$F$20)*(ROUND(1/(0.1*'נתונים והנחות'!$F$20),0)-1),0)),0) | W123: =IF(ISNUMBER('נתונים והנחות'!$H$41),IF(17<ROUND(1/(0.1*'נתונים והנחות'!$F$20),0),'נתונים והנחות'!$H$41*0.1*'נתונים והנחות'!$F$20,IF(17=ROUND(1/(0.1*'נתונים והנחות'!$F$20),0),'נתונים והנחות'!$H$41-('נתונים והנחות'!$H$41*0.1*'נתונים והנחות'!$F$20)*(ROUND(1/(0.1*'נתונים והנחות'!$F$20),0)-1),0)),0) | X123: =IF(ISNUMBER('נתונים והנחות'!$H$41),IF(18<ROUND(1/(0.1*'נתונים והנחות'!$F$20),0),'נתונים והנחות'!$H$41*0.1*'נתונים והנחות'!$F$20,IF(18=ROUND(1/(0.1*'נתונים והנחות'!$F$20),0),'נתונים והנחות'!$H$41-('נתונים והנחות'!$H$41*0.1*'נתונים והנחות'!$F$20)*(ROUND(1/(0.1*'נתונים והנחות'!$F$20),0)-1),0)),0) | Y123: =IF(ISNUMBER('נתונים והנחות'!$H$41),IF(19<ROUND(1/(0.1*'נתונים והנחות'!$F$20),0),'נתונים והנחות'!$H$41*0.1*'נתונים והנחות'!$F$20,IF(19=ROUND(1/(0.1*'נתונים והנחות'!$F$20),0),'נתונים והנחות'!$H$41-('נתונים והנחות'!$H$41*0.1*'נתונים והנחות'!$F$20)*(ROUND(1/(0.1*'נתונים והנחות'!$F$20),0)-1),0)),0) | Z123: =IF(ISNUMBER('נתונים והנחות'!$H$41),IF(20<ROUND(1/(0.1*'נתונים והנחות'!$F$20),0),'נתונים והנחות'!$H$41*0.1*'נתונים והנחות'!$F$20,IF(20=ROUND(1/(0.1*'נתונים והנחות'!$F$20),0),'נתונים והנחות'!$H$41-('נתונים והנחות'!$H$41*0.1*'נתונים והנחות'!$F$20)*(ROUND(1/(0.1*'נתונים והנחות'!$F$20),0)-1),0)),0)
...
